freq,airpol,nace_r2,unit,geo\TIME_PERIOD	2010-Q1 	2010-Q2 	2010-Q3 	2010-Q4 	2011-Q1 	2011-Q2 	2011-Q3 	2011-Q4 	2012-Q1 	2012-Q2 	2012-Q3 	2012-Q4 	2013-Q1 	2013-Q2 	2013-Q3 	2013-Q4 	2014-Q1 	2014-Q2 	2014-Q3 	2014-Q4 	2015-Q1 	2015-Q2 	2015-Q3 	2015-Q4 	2016-Q1 	2016-Q2 	2016-Q3 	2016-Q4 	2017-Q1 	2017-Q2 	2017-Q3 	2017-Q4 	2018-Q1 	2018-Q2 	2018-Q3 	2018-Q4 	2019-Q1 	2019-Q2 	2019-Q3 	2019-Q4 	2020-Q1 	2020-Q2 	2020-Q3 	2020-Q4 	2021-Q1 	2021-Q2 	2021-Q3 	2021-Q4 	2022-Q1 	2022-Q2 	2022-Q3 	2022-Q4 	2023-Q1 	2023-Q2 	2023-Q3 	2023-Q4 	2024-Q1 	2024-Q2 	2024-Q3 	2024-Q4 	2025-Q1 
Q,GHG,A,PCH_SM,EU27_2020	: 	: 	: 	: 	-0.562 i	-0.488 i	-0.131 i	0.155 i	-0.454 i	-0.733 i	-0.441 i	-0.806 i	0.267 i	0.622 i	0.38 i	0.448 i	0.92 i	0.919 i	1.64 i	1.495 i	0.773 i	0.634 i	0.755 i	0.652 i	1.215 i	0.715 i	0.285 i	-0.327 i	-0.735 i	-0.621 i	-0.163 i	0.116 i	-0.016 i	0.291 i	0.108 i	-0.636 i	-0.504 i	-1.893 i	-1.46 i	-0.918 i	0.01 i	0.648 i	0.89 i	0.818 i	0.193 i	-0.494 i	-0.597 i	-2.118 i	-2.599 i	-3.169 i	-3.417 i	-3.218 i	-2.43 i	-1.064 i	-0.727 i	-0.593 i	-1.89 i	-2.324 i	-2.605 i	-2.223 i	-1.389 i
Q,GHG,A,THS_T,EU27_2020	115919.513 i	118858.579 i	119982.914 i	119597.721 i	115268.261 i	118278.324 i	119825.498 i	119782.962 i	114744.675 i	117411.208 i	119297.291 i	118818.051 i	115050.522 i	118141.041 i	119751.069 i	119350.859 i	116108.519 i	119226.594 i	121715.075 i	121135.045 i	117006.02 i	119982.109 i	122634.107 i	121924.326 i	118427.81 i	120839.683 i	122983.567 i	121526.03 i	117557.661 i	120088.687 i	122783.641 i	121666.44 i	117538.71 i	120438.033 i	122916.627 i	120892.677 i	116946.075 i	118158.398 i	121122.644 i	119782.403 i	116957.395 i	118924.226 i	122200.473 i	120761.87 i	117183.163 i	118336.73 i	121471.124 i	118204.007 i	114137 i	114586.366 i	117320.943 i	114399.956 i	111363.282 i	113367.179 i	116468.119 i	113722.134 i	109258.124 i	110733.012 i	113433.83 i	111194.101 i	107740.055 i
Q,GHG,A,T_HAB,EU27_2020	0.264 i	0.27 i	0.272 i	0.271 i	0.262 i	0.268 i	0.272 i	0.272 i	0.26 i	0.266 i	0.27 i	0.269 i	0.261 i	0.267 i	0.271 i	0.27 i	0.263 i	0.27 i	0.275 i	0.274 i	0.264 i	0.271 i	0.277 i	0.275 i	0.267 i	0.272 i	0.277 i	0.273 i	0.264 i	0.27 i	0.276 i	0.273 i	0.264 i	0.27 i	0.276 i	0.271 i	0.262 i	0.265 i	0.271 i	0.268 i	0.262 i	0.267 i	0.274 i	0.271 i	0.263 i	0.265 i	0.272 i	0.265 i	0.255 i	0.255 i	0.261 i	0.254 i	0.247 i	0.252 i	0.258 i	0.252 i	0.242 i	0.245 i	0.251 i	0.246 i	0.238 i
Q,GHG,B,PCH_SM,EU27_2020	: 	: 	: 	: 	-1.619 i	-3.871 i	-4.81 i	-6.932 i	-7.033 i	-7.738 i	-7.132 i	-5.813 i	-6.308 i	-3.62 i	-2.744 i	-2.986 i	-2.607 i	-4.569 i	-4.617 i	-3.25 i	-1.822 i	0.155 i	0.588 i	0.615 i	-2.77 i	-3.52 i	-5.423 i	-4.464 i	-1.657 i	-2.117 i	-0.186 i	0.418 i	2.385 i	2.782 i	0.625 i	-2.084 i	-6.255 i	-9.221 i	-9.689 i	-8.657 i	-8.47 i	-17.436 i	-7.426 i	-4.759 i	-3.265 i	9.495 i	-1.19 i	-1.898 i	-4.078 i	-6.342 i	-4.958 i	-4.757 i	-1.27 i	1.09 i	3.345 i	5.51 i	2.441 i	3.372 i	1.242 i	0.938 i	0.999 i
Q,GHG,B,THS_T,EU27_2020	19072.919 i	20242.831 i	20165.409 i	21770.796 i	18764.169 i	19459.221 i	19195.409 i	20261.557 i	17444.526 i	17953.458 i	17826.329 i	19083.795 i	16344.073 i	17303.526 i	17337.2 i	18513.885 i	15917.996 i	16512.873 i	16536.749 i	17912.168 i	15628.02 i	16538.525 i	16633.926 i	18022.246 i	15195.133 i	15956.423 i	15731.891 i	17217.657 i	14943.412 i	15618.651 i	15702.578 i	17289.693 i	15299.858 i	16053.2 i	15800.7 i	16929.336 i	14342.824 i	14573.011 i	14269.705 i	15463.721 i	13128.052 i	12031.996 i	13210.023 i	14727.788 i	12699.428 i	13174.419 i	13052.817 i	14448.287 i	12181.574 i	12338.837 i	12405.621 i	13760.973 i	12026.899 i	12473.274 i	12820.551 i	14519.255 i	12320.474 i	12893.816 i	12979.769 i	14655.48 i	12443.584 i
Q,GHG,B,T_HAB,EU27_2020	0.043 i	0.046 i	0.046 i	0.049 i	0.043 i	0.044 i	0.044 i	0.046 i	0.04 i	0.041 i	0.04 i	0.043 i	0.037 i	0.039 i	0.039 i	0.042 i	0.036 i	0.037 i	0.037 i	0.04 i	0.035 i	0.037 i	0.038 i	0.041 i	0.034 i	0.036 i	0.035 i	0.039 i	0.034 i	0.035 i	0.035 i	0.039 i	0.034 i	0.036 i	0.035 i	0.038 i	0.032 i	0.033 i	0.032 i	0.035 i	0.029 i	0.027 i	0.03 i	0.033 i	0.028 i	0.03 i	0.029 i	0.032 i	0.027 i	0.028 i	0.028 i	0.031 i	0.027 i	0.028 i	0.028 i	0.032 i	0.027 i	0.029 i	0.029 i	0.032 i	0.027 i
Q,GHG,C,PCH_SM,EU27_2020	: 	: 	: 	: 	2.496 i	-2.727 i	-3.282 i	-4.521 i	-4.478 i	-4.273 i	-3.226 i	-3.566 i	-5.669 i	-2.58 i	-1.706 i	-0.964 i	1.153 i	-2.285 i	-2.669 i	-1.752 i	-0.912 i	1.329 i	1.12 i	1.21 i	0.534 i	1.068 i	-0.792 i	-0.143 i	2.259 i	-0.054 i	1.757 i	1.806 i	-0.451 i	0.316 i	-1.515 i	-1.953 i	-1.189 i	-3.756 i	-2.557 i	-2.788 i	-3.878 i	-18.611 i	-3.696 i	0.786 i	1.588 i	22.53 i	1.974 i	-1.288 i	-2.488 i	-5.977 i	-7.484 i	-9.692 i	-8.046 i	-9.269 i	-8.055 i	-5.368 i	-4.474 i	-1.097 i	-0.337 i	-0.196 i	-0.245 i
Q,GHG,C,THS_T,EU27_2020	214222.405 i	237182.905 i	227171.688 i	234320.642 i	219568.398 i	230713.88 i	219716.371 i	223727.532 i	209735.365 i	220856.379 i	212628.635 i	215748.775 i	197846.224 i	215157.632 i	209000.43 i	213669.598 i	200127.744 i	210241.103 i	203422.095 i	209925.752 i	198303.015 i	213034.633 i	205699.873 i	212466.207 i	199362.286 i	215310.433 i	204071.719 i	212161.997 i	203866.325 i	215193.701 i	207658.171 i	215993.898 i	202947.533 i	215873.588 i	204512.369 i	211774.547 i	200533.991 i	207764.335 i	199282.36 i	205869.705 i	192757.926 i	169097.211 i	191916.549 i	207488.427 i	195819.6 i	207195.549 i	195704.726 i	204815.822 i	190947.501 i	194810.915 i	181058.725 i	184964.355 i	175583.743 i	176754.691 i	166473.844 i	175035.38 i	167727.288 i	174816.012 i	165913.358 i	174692.99 i	167316.75 i
Q,GHG,C,T_HAB,EU27_2020	0.487 i	0.539 i	0.516 i	0.532 i	0.498 i	0.524 i	0.498 i	0.507 i	0.475 i	0.5 i	0.482 i	0.488 i	0.448 i	0.487 i	0.473 i	0.483 i	0.453 i	0.475 i	0.46 i	0.474 i	0.448 i	0.481 i	0.464 i	0.479 i	0.449 i	0.485 i	0.459 i	0.477 i	0.459 i	0.484 i	0.467 i	0.485 i	0.456 i	0.485 i	0.459 i	0.475 i	0.449 i	0.466 i	0.446 i	0.461 i	0.432 i	0.379 i	0.43 i	0.465 i	0.439 i	0.465 i	0.439 i	0.459 i	0.427 i	0.434 i	0.403 i	0.411 i	0.39 i	0.392 i	0.369 i	0.388 i	0.371 i	0.387 i	0.367 i	0.386 i	0.369 i
Q,GHG,D,PCH_SM,EU27_2020	: 	: 	: 	: 	-1.658 i	3.018 i	0.574 i	-2.899 i	3.211 i	-3.096 i	-0.2 i	-3.649 i	-6.039 i	-8.38 i	-3.84 i	-2.827 i	-12.273 i	-1.222 i	-4.172 i	-3.589 i	3.683 i	-4.398 i	3.008 i	-1.214 i	-4.863 i	-1.881 i	-6.146 i	3.848 i	8.193 i	4.118 i	-2.585 i	-9.429 i	-10.522 i	-11.127 i	0.48 i	-3.605 i	-9.408 i	-9.206 i	-17.569 i	-17.399 i	-20.382 i	-24.078 i	-9.151 i	-5.716 i	7.089 i	17.558 i	2.266 i	12.723 i	7.762 i	8.985 i	7.288 i	-9.232 i	-13.829 i	-23.944 i	-26.67 i	-19.438 i	-14.088 i	-13.025 i	-6.764 i	4.676 i	13.58 i
Q,GHG,D,THS_T,EU27_2020	310276.545 i	243516.29 i	254218.225 i	306447.934 i	305130.967 i	250865.185 i	255677.207 i	297565.044 i	314930.218 i	243099.51 i	255165.469 i	286705.537 i	295911.814 i	222726.747 i	245367.926 i	278600.253 i	259594.238 i	220005.2 i	235131.966 i	268602.396 i	269155.113 i	210329.176 i	242205.328 i	265342.72 i	256064.804 i	206371.95 i	227320.288 i	275552.418 i	277043.003 i	214869.331 i	221443.833 i	249569.374 i	247893.15 i	190960.262 i	222507.59 i	240572.697 i	224570.917 i	173380.712 i	183414.157 i	198714.865 i	178798.086 i	131634.165 i	166629.423 i	187357.087 i	191473.941 i	154746.064 i	170404.564 i	211195.138 i	206336.921 i	168649.317 i	182823.909 i	191697.238 i	177802.285 i	128268.601 i	134064.404 i	154434.766 i	152754.121 i	111561.752 i	124996.257 i	161655.969 i	173497.897 i
Q,GHG,D,T_HAB,EU27_2020	0.705 i	0.553 i	0.577 i	0.696 i	0.693 i	0.569 i	0.58 i	0.674 i	0.714 i	0.551 i	0.578 i	0.649 i	0.67 i	0.504 i	0.555 i	0.63 i	0.587 i	0.498 i	0.532 i	0.607 i	0.608 i	0.475 i	0.546 i	0.598 i	0.577 i	0.465 i	0.512 i	0.62 i	0.623 i	0.483 i	0.498 i	0.561 i	0.557 i	0.429 i	0.499 i	0.539 i	0.503 i	0.388 i	0.411 i	0.445 i	0.401 i	0.295 i	0.374 i	0.42 i	0.429 i	0.347 i	0.382 i	0.473 i	0.461 i	0.376 i	0.407 i	0.426 i	0.395 i	0.285 i	0.297 i	0.342 i	0.338 i	0.247 i	0.276 i	0.357 i	0.383 i
Q,GHG,E,PCH_SM,EU27_2020	: 	: 	: 	: 	-2.041 i	-3.095 i	-3.391 i	-3.146 i	-1.669 i	-1.203 i	-0.802 i	-1.226 i	-2.866 i	-2.91 i	-3.405 i	-3.662 i	-3.589 i	-3.945 i	-3.659 i	-2.999 i	-2.009 i	-1.157 i	-0.843 i	-0.305 i	-0.469 i	-0.105 i	-0.453 i	-0.064 i	0.198 i	-0.219 i	0.227 i	0.158 i	-0.314 i	-0.219 i	-0.595 i	-0.68 i	-0.532 i	-0.926 i	-0.201 i	0.488 i	-0.104 i	-5.186 i	-0.74 i	-1.126 i	-1.804 i	2.787 i	-2.778 i	-3.075 i	-2.387 i	-1.679 i	-0.878 i	0.092 i	1.974 i	2.225 i	2.605 i	2.632 i	2.075 i	2.098 i	2.216 i	2.196 i	2.18 i
Q,GHG,E,THS_T,EU27_2020	42290.355 i	42734.073 i	42318.042 i	42657.13 i	41427.187 i	41411.295 i	40882.842 i	41315.258 i	40735.604 i	40913.001 i	40554.855 i	40808.61 i	39568.127 i	39722.578 i	39174.023 i	39314.243 i	38147.994 i	38155.559 i	37740.569 i	38135.35 i	37381.732 i	37714.204 i	37422.43 i	38018.894 i	37206.507 i	37674.575 i	37252.932 i	37994.576 i	37280.252 i	37591.997 i	37337.324 i	38054.717 i	37163.18 i	37509.687 i	37115.123 i	37795.763 i	36965.308 i	37162.363 i	37040.537 i	37980.299 i	36927.007 i	35235.175 i	36766.482 i	37552.519 i	36260.842 i	36217.334 i	35744.969 i	36397.957 i	35395.412 i	35609.145 i	35431.23 i	36431.532 i	36094.094 i	36401.308 i	36354.357 i	37390.276 i	36843.121 i	37165.147 i	37160.048 i	38211.242 i	37646.475 i
Q,GHG,E,T_HAB,EU27_2020	0.096 i	0.097 i	0.096 i	0.097 i	0.094 i	0.094 i	0.093 i	0.094 i	0.092 i	0.093 i	0.092 i	0.092 i	0.09 i	0.09 i	0.089 i	0.089 i	0.086 i	0.086 i	0.085 i	0.086 i	0.084 i	0.085 i	0.084 i	0.086 i	0.084 i	0.085 i	0.084 i	0.085 i	0.084 i	0.085 i	0.084 i	0.085 i	0.083 i	0.084 i	0.083 i	0.085 i	0.083 i	0.083 i	0.083 i	0.085 i	0.083 i	0.079 i	0.082 i	0.084 i	0.081 i	0.081 i	0.08 i	0.082 i	0.079 i	0.079 i	0.079 i	0.081 i	0.08 i	0.081 i	0.081 i	0.083 i	0.082 i	0.082 i	0.082 i	0.084 i	0.083 i
Q,GHG,F,PCH_SM,EU27_2020	: 	: 	: 	: 	6.599 i	4.364 i	2.824 i	-0.733 i	-3.988 i	-5.514 i	-5.319 i	-3.855 i	-3.734 i	-0.339 i	0.184 i	-0.651 i	-0.852 i	-4.001 i	-4.411 i	-3.792 i	-1.99 i	0.483 i	0.696 i	1.31 i	0.566 i	1.124 i	-0.256 i	0.542 i	1.81 i	0.303 i	1.422 i	1.947 i	0.977 i	1.576 i	0.977 i	0.921 i	1.921 i	0.491 i	0.676 i	-0.25 i	-4.377 i	-18.228 i	-5.338 i	-0.966 i	3.093 i	22.541 i	6.155 i	5.372 i	3.652 i	1.559 i	1.017 i	-1.164 i	-1.387 i	-4.026 i	-4.594 i	-3.103 i	-1.923 i	-0.351 i	0.85 i	0.041 i	0.288 i
Q,GHG,F,THS_T,EU27_2020	12876.667 i	13765.431 i	13692.39 i	14814.14 i	13726.433 i	14366.122 i	14079.102 i	14705.552 i	13179.011 i	13573.968 i	13330.235 i	14138.685 i	12686.857 i	13527.899 i	13354.697 i	14046.586 i	12578.809 i	12986.701 i	12765.595 i	13514.004 i	12328.445 i	13049.491 i	12854.492 i	13691.06 i	12398.211 i	13196.203 i	12821.589 i	13765.321 i	12622.627 i	13236.203 i	13003.973 i	14033.325 i	12745.899 i	13444.803 i	13131.067 i	14162.548 i	12990.778 i	13510.813 i	13219.774 i	14127.178 i	12422.128 i	11048.075 i	12514.135 i	13990.713 i	12806.306 i	13538.385 i	13284.344 i	14742.349 i	13274.035 i	13749.46 i	13419.401 i	14570.728 i	13089.918 i	13195.87 i	12802.85 i	14118.649 i	12838.206 i	13149.507 i	12911.725 i	14124.403 i	12875.151 i
Q,GHG,F,T_HAB,EU27_2020	0.029 i	0.031 i	0.031 i	0.034 i	0.031 i	0.033 i	0.032 i	0.033 i	0.03 i	0.031 i	0.03 i	0.032 i	0.029 i	0.031 i	0.03 i	0.032 i	0.028 i	0.029 i	0.029 i	0.031 i	0.028 i	0.029 i	0.029 i	0.031 i	0.028 i	0.03 i	0.029 i	0.031 i	0.028 i	0.03 i	0.029 i	0.032 i	0.029 i	0.03 i	0.029 i	0.032 i	0.029 i	0.03 i	0.03 i	0.032 i	0.028 i	0.025 i	0.028 i	0.031 i	0.029 i	0.03 i	0.03 i	0.033 i	0.03 i	0.031 i	0.03 i	0.032 i	0.029 i	0.029 i	0.028 i	0.031 i	0.028 i	0.029 i	0.029 i	0.031 i	0.028 i
Q,GHG,G-U_X_H,PCH_SM,EU27_2020	: 	: 	: 	: 	-3.775 i	-5.467 i	-6.086 i	-6.197 i	-4.245 i	-2.948 i	-1.013 i	0.669 i	1.528 i	2.711 i	1.421 i	-1.969 i	-6.696 i	-9.467 i	-9.351 i	-6.757 i	-1.68 i	1.994 i	3.353 i	3.114 i	0.086 i	-0.416 i	-0.041 i	2.622 i	8.217 i	10.392 i	11.383 i	9.601 i	4.948 i	1.217 i	-2.733 i	-6.433 i	-10.04 i	-12.618 i	-12.727 i	-11.081 i	-9.709 i	-16.294 i	-5.319 i	-4.63 i	-0.812 i	12.408 i	3.888 i	3.255 i	0.24 i	-2.706 i	-5.013 i	-6.218 i	-5.525 i	-4.962 i	-3.755 i	-2.058 i	-0.207 i	1.08 i	1.713 i	1.795 i	1.115 i
Q,GHG,G-U_X_H,THS_T,EU27_2020	69760.738 i	71389.486 i	70581.021 i	71904.484 i	67127.368 i	67486.947 i	66285.324 i	67448.487 i	64277.692 i	65497.676 i	65613.525 i	67899.75 i	65259.76 i	67273.263 i	66545.947 i	66562.545 i	60889.787 i	60904.202 i	60323.216 i	62064.598 i	59867.139 i	62118.495 i	62345.92 i	63997.039 i	59918.839 i	61860.123 i	62320.222 i	65674.751 i	64842.22 i	68288.716 i	69414.162 i	71980.216 i	68050.779 i	69119.862 i	67517.357 i	67349.749 i	61218.427 i	60398.098 i	58924.23 i	59887.033 i	55274.871 i	50556.799 i	55789.846 i	57114.048 i	54825.789 i	56830.129 i	57958.741 i	58973.203 i	54957.256 i	55292.444 i	55053.366 i	55306.419 i	51920.789 i	52548.925 i	52986.268 i	54167.965 i	51813.133 i	53116.597 i	53893.882 i	55140.463 i	52390.834 i
Q,GHG,G-U_X_H,T_HAB,EU27_2020	0.159 i	0.162 i	0.16 i	0.163 i	0.152 i	0.153 i	0.15 i	0.153 i	0.146 i	0.148 i	0.149 i	0.154 i	0.148 i	0.152 i	0.151 i	0.151 i	0.138 i	0.138 i	0.136 i	0.14 i	0.135 i	0.14 i	0.141 i	0.144 i	0.135 i	0.139 i	0.14 i	0.148 i	0.146 i	0.154 i	0.156 i	0.162 i	0.153 i	0.155 i	0.151 i	0.151 i	0.137 i	0.135 i	0.132 i	0.134 i	0.124 i	0.113 i	0.125 i	0.128 i	0.123 i	0.127 i	0.13 i	0.132 i	0.123 i	0.123 i	0.123 i	0.123 i	0.115 i	0.117 i	0.117 i	0.12 i	0.115 i	0.118 i	0.119 i	0.122 i	0.116 i
Q,GHG,H,PCH_SM,EU27_2020	: 	: 	: 	: 	-2.285 i	-2.118 i	-2.474 i	-2.159 i	-0.348 i	-1.164 i	-3.861 i	-2.829 i	-4.604 i	-2.383 i	-2.366 i	-3.971 i	-2.506 i	-4.344 i	-2.325 i	0.202 i	3.695 i	5.897 i	4.596 i	6.066 i	4.265 i	1.906 i	4.26 i	0.901 i	3.009 i	5 i	3.187 i	3.884 i	0.987 i	1.829 i	2.553 i	5.074 i	4.708 i	8.732 i	10.714 i	3.915 i	-5.217 i	-37.143 i	-23.407 i	-22.032 i	-15.567 i	31.367 i	19.313 i	18.932 i	14.622 i	13.067 i	2.926 i	1.565 i	3.984 i	1.309 i	0.459 i	1.16 i	1.326 i	1.435 i	-0.716 i	1.612 i	-2.851 i
Q,GHG,H,THS_T,EU27_2020	106931.304 i	110992.164 i	115001.525 i	110183.335 i	104488.314 i	108641.426 i	112155.817 i	107804.63 i	104124.757 i	107376.489 i	107825.686 i	104755.024 i	99330.746 i	104818.105 i	105274.833 i	100595.182 i	96841.55 i	100265.216 i	102827.262 i	100798.809 i	100420.177 i	106177.386 i	107553.618 i	106912.807 i	104702.951 i	108201.07 i	112135.653 i	107875.753 i	107853.25 i	113610.677 i	115709.158 i	112065.479 i	108918.167 i	115688.175 i	118663.123 i	117751.215 i	114046.215 i	125790.426 i	131377.025 i	122360.972 i	108095.885 i	79067.502 i	100625.796 i	95401.822 i	91269.062 i	103868.522 i	120059.598 i	113462.828 i	104614.506 i	117440.776 i	123572.796 i	115239.078 i	108781.946 i	118977.892 i	124140.044 i	116575.588 i	110224.472 i	120685.705 i	123250.839 i	118454.843 i	107082.433 i
Q,GHG,H,T_HAB,EU27_2020	0.243 i	0.252 i	0.261 i	0.25 i	0.237 i	0.247 i	0.254 i	0.244 i	0.236 i	0.243 i	0.244 i	0.237 i	0.225 i	0.237 i	0.238 i	0.228 i	0.219 i	0.227 i	0.232 i	0.228 i	0.227 i	0.24 i	0.243 i	0.241 i	0.236 i	0.244 i	0.252 i	0.243 i	0.243 i	0.255 i	0.26 i	0.252 i	0.245 i	0.26 i	0.266 i	0.264 i	0.256 i	0.282 i	0.294 i	0.274 i	0.242 i	0.177 i	0.226 i	0.214 i	0.205 i	0.233 i	0.269 i	0.254 i	0.234 i	0.262 i	0.275 i	0.256 i	0.241 i	0.264 i	0.275 i	0.258 i	0.244 i	0.267 i	0.272 i	0.262 i	0.236 i
Q,GHG,HH,PCH_SM,EU27_2020	: 	: 	: 	: 	-1.558 i	-10.655 i	-4.183 i	-10.465 i	-0.778 i	7.053 i	-2.482 i	-2.497 i	-0.399 i	1.836 i	0.244 i	-1.72 i	-11.331 i	-5.948 i	1.067 i	-2.293 i	6.925 i	3.645 i	3.118 i	-0.762 i	-1.249 i	-0.138 i	-3.727 i	9.311 i	0.489 i	-0.9 i	3.236 i	-3.878 i	6.297 i	-9.708 i	-4.202 i	-1.941 i	-8.297 i	13.6 i	1.541 i	-1.491 i	-2.818 i	-22.8 i	-8.965 i	-4.811 i	-3.305 i	23.768 i	4.048 i	2.942 i	-0.119 i	-5.53 i	1.209 i	-7.896 i	-3.704 i	-0.766 i	-7.265 i	-2.284 i	-5.421 i	-4.431 i	5.565 i	5.291 i	5.645 i
Q,GHG,HH,THS_T,EU27_2020	284551.945 i	170773.215 i	137577.256 i	265661.037 i	280119.055 i	152577.41 i	131821.974 i	237860.058 i	277941.075 i	163338.756 i	128550.739 i	231920.02 i	276831.512 i	166337.536 i	128864.145 i	227930.638 i	245462.912 i	156444.071 i	130239.596 i	222704.593 i	262461.849 i	162146.56 i	134301.064 i	221007.913 i	259183.555 i	161923.166 i	129295.361 i	241586.989 i	260451.765 i	160465.7 i	133478.739 i	232217.573 i	276853.449 i	144887.816 i	127870.613 i	227710.013 i	253882.35 i	164591.986 i	129841.06 i	224315.831 i	246727.752 i	127064.661 i	118200.616 i	213523.719 i	238572.298 i	157266.014 i	122985.767 i	219804.768 i	238289.362 i	148569.211 i	124473.082 i	202449.158 i	229464.041 i	147430.938 i	115430.073 i	197825.454 i	217025.45 i	140898.161 i	121854.004 i	208292.436 i	229277.234 i
Q,GHG,HH,T_HAB,EU27_2020	0.647 i	0.388 i	0.312 i	0.603 i	0.636 i	0.346 i	0.299 i	0.539 i	0.63 i	0.37 i	0.291 i	0.525 i	0.627 i	0.377 i	0.292 i	0.516 i	0.555 i	0.354 i	0.294 i	0.503 i	0.593 i	0.366 i	0.303 i	0.498 i	0.584 i	0.365 i	0.291 i	0.544 i	0.586 i	0.361 i	0.3 i	0.522 i	0.622 i	0.325 i	0.287 i	0.511 i	0.569 i	0.369 i	0.291 i	0.502 i	0.553 i	0.285 i	0.265 i	0.479 i	0.535 i	0.353 i	0.276 i	0.493 i	0.533 i	0.331 i	0.277 i	0.45 i	0.509 i	0.327 i	0.256 i	0.438 i	0.48 i	0.312 i	0.269 i	0.46 i	0.506 i
Q,GHG,TOTAL_HH,PCH_SM,AT	: 	: 	: 	: 	1.545 i	-1.044 i	-4.861 i	-7.681 i	-4.704 i	-6.781 i	-4.44 i	-2.735 i	-2.85 i	-0.793 i	-1.061 i	-3.465 i	-7.98 i	-3.668 i	-3.072 i	-3.145 i	3.887 i	0.16 i	0.987 i	1.846 i	-1.038 i	-0.055 i	-3.647 i	3.172 i	7.999 i	4.389 i	7.284 i	-1.101 i	-4.425 i	-6.276 i	-5.857 i	-1.776 i	-2.232 i	10.322 i	10.671 i	3.047 i	1.488 i	-22.377 i	-9.09 i	-7.274 i	-6.319 i	20.971 i	4.19 i	5.971 i	5.243 i	1.977 i	-1.553 i	-5.734 i	-5.029 i	-2.118 i	-3.165 i	-5.048 i	-6.58 i	-5.815 i	-8.256 i	-1.986 i	4.16 i
Q,GHG,TOTAL_HH,PCH_SM,BE	: 	: 	: 	: 	-7.079 i	-7.946 i	-3.419 i	-10.357 i	-3.281 i	-0.965 i	-3.805 i	-2.142 i	1.639 i	2.095 i	-4.915 i	-1.775 i	-9.27 i	-7.52 i	0.954 i	-0.719 i	6.377 i	3.191 i	3.451 i	-0.932 i	-2.717 i	-1.232 i	-4.537 i	6.303 i	1.107 i	1.046 i	-0.139 i	-3.104 i	1.996 i	-3.002 i	3.226 i	2.313 i	-3.377 i	4.609 i	0.122 i	-2.116 i	-3.103 i	-17.824 i	-6.589 i	-8.816 i	-2.691 i	15.725 i	-4.987 i	-1.114 i	-5.808 i	-8.522 i	2.648 i	-4.825 i	-0.759 i	-1.459 i	-8.183 i	-7.473 i	-6.402 i	-5.334 i	-3.084 i	4.401 i	5.001 i
Q,GHG,TOTAL_HH,PCH_SM,BG	: 	: 	: 	: 	8.119 i	15.573 i	4.508 i	8.089 i	2.336 i	-9.777 i	-6.381 i	-15.958 i	-18.788 i	-18.683 i	-6.251 i	7.378 i	9.099 i	15.814 i	3.461 i	-2.611 i	2.101 i	6.658 i	11.176 i	3.335 i	-5.015 i	-6.854 i	-7.266 i	4.53 i	10.283 i	11.581 i	2.379 i	-9.865 i	-11.263 i	-12.676 i	-6.255 i	0.975 i	3.801 i	0.938 i	-3.229 i	-9.28 i	-10.773 i	-15.474 i	-10.696 i	-8.306 i	-2.672 i	15.961 i	17.931 i	20.992 i	28.436 i	13.221 i	0.011 i	-6.564 i	-20.849 i	-28.515 i	-22.104 i	-20.811 i	-16.785 i	-6.351 i	-0.164 i	3.888 i	17.387 i
Q,GHG,TOTAL_HH,PCH_SM,CY	: 	: 	: 	: 	-1.915 i	-1.744 i	-12.077 i	-4.226 i	-6.26 i	-10.103 i	-0.179 i	-11.2 i	-17.066 i	-7.219 i	-10.492 i	0.041 i	5.064 i	3.29 i	5.246 i	0.368 i	-0.888 i	-3.137 i	-0.775 i	-0.688 i	4.001 i	6.508 i	5.812 i	6.255 i	10.097 i	1.335 i	1.239 i	-0.109 i	-5.151 i	5.64 i	0.351 i	0.559 i	0.605 i	-5.227 i	0.358 i	-2.854 i	-0.233 i	-17.49 i	-0.054 i	2.684 i	-4.727 i	17.095 i	1.183 i	-2.811 i	9.828 i	-0.351 i	-3.497 i	-1.884 i	-3.139 i	2.051 i	4.297 i	3.539 i	0.192 i	3.726 i	0.691 i	4.068 i	8.386 i
Q,GHG,TOTAL_HH,PCH_SM,CZ	: 	: 	: 	: 	-3.544 i	-0.34 i	-1.135 i	-2.995 i	1.183 i	-0.376 i	-7.828 i	-5.935 i	-5.158 i	-6.143 i	-1.496 i	-1.799 i	-2.873 i	-0.457 i	-1.182 i	-1.31 i	0.007 i	-0.532 i	1.455 i	0.557 i	0.372 i	0.296 i	1.736 i	5.41 i	2.809 i	-0.919 i	-2.929 i	-3.809 i	-0.54 i	-3.469 i	3.88 i	1.296 i	-4.641 i	-1.277 i	-5.878 i	-8.158 i	-7.551 i	-15.83 i	-10.757 i	-4.031 i	0.541 i	11.36 i	6.107 i	6.936 i	1.369 i	1.537 i	2.77 i	-6.072 i	-7.424 i	-8.744 i	-10.435 i	-6.633 i	-5.785 i	-4.227 i	-2.201 i	2.682 i	10.661 i
Q,GHG,TOTAL_HH,PCH_SM,DE	: 	: 	: 	: 	-1.702 i	-4.078 i	-0.925 i	-4.741 i	2.485 i	2.224 i	0.61 i	1.249 i	2.734 i	1.986 i	2.791 i	-1.134 i	-7.347 i	-5.9 i	-5.241 i	-2.497 i	1.188 i	-0.264 i	3.597 i	-0.396 i	-0.464 i	1.47 i	-4.753 i	0.673 i	1.913 i	-1.183 i	0.224 i	-5.287 i	-3.524 i	-5.914 i	-1.539 i	-0.513 i	-7.121 i	-3.737 i	-9.486 i	-6.486 i	-8.714 i	-20.534 i	-9.368 i	-4.146 i	-0.841 i	17.134 i	3.553 i	2.623 i	2.019 i	0.902 i	2.4 i	-5.938 i	-4.82 i	-9.855 i	-14.991 i	-8.647 i	-8.661 i	-5.464 i	-0.847 i	1.144 i	4.576 i
Q,GHG,TOTAL_HH,PCH_SM,DK	: 	: 	: 	: 	2.382 i	2.811 i	-1.168 i	-7.505 i	-7.091 i	-7.977 i	-9.542 i	-4.02 i	-1.883 i	0.09 i	-0.131 i	-5.938 i	-11.056 i	-9.262 i	-1.413 i	-1.554 i	4.233 i	7.751 i	-0.683 i	4.842 i	8.207 i	2.838 i	8.881 i	4.214 i	-1.946 i	1.148 i	-1.226 i	-1.598 i	0.814 i	0.094 i	0.466 i	1.509 i	-3.024 i	-0.817 i	-3.805 i	-6.85 i	-10.001 i	-18.554 i	-11.721 i	-9.049 i	2.449 i	18.208 i	13.03 i	7.229 i	-6.664 i	-7.441 i	-8.194 i	-8.077 i	-1.796 i	-3.241 i	-3.964 i	-1.426 i	-1.502 i	-1.223 i	-2.363 i	2.652 i	-4.29 i
Q,GHG,TOTAL_HH,PCH_SM,EE	: 	: 	: 	: 	-0.256 i	1.387 i	2.389 i	-8.02 i	-11.564 i	-6.486 i	-6.184 i	1.998 i	13.53 i	12.789 i	13.861 i	-2.266 i	-12.771 i	-0.176 i	-3.854 i	2.511 i	-3.532 i	-16.924 i	-15.79 i	-16.785 i	-2.475 i	-2.821 i	19.432 i	21.41 i	20.271 i	24.142 i	-7.999 i	-6.567 i	-4.188 i	-7.885 i	4.62 i	-7.666 i	-14.432 i	-24.9 i	-32.992 i	-25.827 i	-37.263 i	-31.565 i	-7.575 i	-10.175 i	5.106 i	13.361 i	-0.181 i	20.813 i	12.604 i	17.913 i	13.855 i	1.005 i	-8.328 i	-17.37 i	-26.624 i	-17.741 i	-0.252 i	-0.168 i	-0.123 i	-11.552 i	-2.95 i
Q,GHG,TOTAL_HH,PCH_SM,EL	: 	: 	: 	: 	-1.065 i	-5.673 i	-6.053 i	2.248 i	1.352 i	-3.775 i	-2.856 i	-7.046 i	-19.42 i	-7.419 i	-6.953 i	-4.519 i	1.556 i	-1.984 i	-5.724 i	-4.673 i	-3.086 i	-4.977 i	-1.128 i	1.023 i	-4.373 i	-3.234 i	-3.411 i	1.924 i	9.696 i	6.391 i	6.606 i	-0.059 i	-5.528 i	-0.283 i	0.16 i	1.13 i	3.078 i	-1.688 i	-6.968 i	-13.934 i	-8.353 i	-18.807 i	-11.91 i	-6.404 i	-10.341 i	8.952 i	5.68 i	1.607 i	5.885 i	-5.817 i	-4.074 i	-10.673 i	-11.378 i	-4.627 i	-12.584 i	-3.268 i	-2.031 i	-1.119 i	0.711 i	6.997 i	5.895 i
Q,GHG,TOTAL_HH,PCH_SM,ES	: 	: 	: 	: 	3.889 	-0.145 	-0.341 	-3.19 	1.353 	-1.137 	-3.998 	-4.04 	-14.265 	-8.751 	-4.866 	-1.771 	-1.943 	1.641 	3.536 	-0.056 	8.637 	3.587 	1.097 	1.888 	-5.863 	-4.975 	-4.675 	2.2 	4.165 	5.606 	3.902 	2.809 	1.56 	-0.94 	-2.049 	-5.021 	-5.298 	-3.502 	-4.506 	-7.941 	-9.409 	-27.45 	-11.968 	-8.712 	-4.762 	24.071 	4.877 	7.748 	9.661 	5.5 	3.38 	-4.596 	-3.535 	-7.403 	-7.264 	-3.703 	-3.532 	-0.429 	-1.851 	2.371 	2.265 
Q,GHG,TOTAL_HH,PCH_SM,EU27_2020	: 	: 	: 	: 	-0.874 i	-2.492 i	-2.105 i	-4.791 i	-0.73 i	-1.373 i	-1.924 i	-2.706 i	-3.309 i	-2.526 i	-1.678 i	-1.936 i	-6.539 i	-3.136 i	-2.537 i	-2.206 i	2.571 i	0.679 i	2.275 i	0.625 i	-0.941 i	0.026 i	-1.882 i	3.012 i	3.2 i	1.873 i	1.364 i	-1.874 i	-0.825 i	-3.649 i	-0.694 i	-1.671 i	-4.774 i	-0.936 i	-4.467 i	-5.35 i	-7.186 i	-19.738 i	-7.95 i	-5.066 i	-1.059 i	17.221 i	4.012 i	4.655 i	2.022 i	-0.015 i	-0.6 i	-6.373 i	-5.567 i	-7.157 i	-8.754 i	-5.494 i	-4.947 i	-3.052 i	-0.667 i	2.123 i	3.384 i
Q,GHG,TOTAL_HH,PCH_SM,FI	: 	: 	: 	: 	-2.947 i	-7.178 i	-12.006 i	-19.564 i	-16.206 i	-10.55 i	-3.947 i	1.225 i	0.44 i	1.664 i	3.583 i	-1.813 i	-8.771 i	-7.038 i	-4.745 i	-5.58 i	-5.962 i	-4.667 i	-7.635 i	-3.318 i	7.364 i	4.227 i	2.693 i	7.205 i	-3.863 i	-2.255 i	-3.568 i	-9.327 i	1.68 i	-2.688 i	5.674 i	3.451 i	-4.704 i	-2.451 i	-5.423 i	-7.354 i	-13.096 i	-14.447 i	-13.402 i	-13.563 i	-2.937 i	-1.025 i	-1.632 i	5.095 i	-5.648 i	3.262 i	2.047 i	-4.371 i	-3.343 i	-11.945 i	-13.325 i	-12.597 i	-8.919 i	-4.026 i	-1.218 i	-6.162 i	-4.396 i
Q,GHG,TOTAL_HH,PCH_SM,FR	: 	: 	: 	: 	-1.61 i	-5.505 i	-4.701 i	-6.662 i	-0.146 i	1.443 i	1.121 i	-0.746 i	-0.263 i	0.298 i	-0.956 i	-1.574 i	-10.365 i	-6.203 i	-4.697 i	-4.685 i	3.729 i	-1.501 i	0.21 i	-0.547 i	-3.952 i	1.458 i	-0.678 i	3.841 i	3.457 i	0.75 i	2.198 i	-0.157 i	-1.555 i	-4.37 i	-2.716 i	-5.199 i	-4.784 i	1.504 i	-1.731 i	-3.622 i	-6.838 i	-23.504 i	-6.513 i	-5.216 i	-0.304 i	22.572 i	1.882 i	2.982 i	-0.563 i	-1.829 i	-1.522 i	-7.373 i	-5.041 i	-5.276 i	-6.636 i	-5.575 i	-5.507 i	-3.487 i	-1.169 i	0.211 i	0.392 i
Q,GHG,TOTAL_HH,PCH_SM,HR	: 	: 	: 	: 	0.498 i	0.013 i	-5.234 i	0.302 i	-1.015 i	-8.522 i	-6.012 i	-9.85 i	-10.48 i	-5.03 i	-3.768 i	0.752 i	-2.851 i	2.412 i	-6.087 i	-4.426 i	1.255 i	-1.299 i	4.4 i	3.587 i	-1.192 i	2.312 i	-0.348 i	2.14 i	6.341 i	2.56 i	4.5 i	0.523 i	-3.459 i	-8.799 i	-2.215 i	-5.034 i	0.427 i	4.35 i	-0.299 i	-1.552 i	-2.365 i	-8.776 i	-4.305 i	-1.03 i	-0.566 i	7.078 i	3.459 i	0.241 i	1.924 i	4.699 i	0.874 i	-3.953 i	-5.22 i	-5.048 i	-6.897 i	-5.936 i	-8.48 i	-7.378 i	-0.246 i	6.195 i	2.748 i
Q,GHG,TOTAL_HH,PCH_SM,HU	: 	: 	: 	: 	1.815 i	-3.196 i	-2.62 i	-2.004 i	-5.303 i	-7.927 i	-3.431 i	-10.651 i	-7.51 i	-1.735 i	-3.962 i	-1.171 i	-4.123 i	2.985 i	5.018 i	3.29 i	8.58 i	4.37 i	4.609 i	4.361 i	-1.091 i	-0.181 i	0.335 i	1.756 i	6.001 i	2.619 i	3.151 i	3.006 i	3.166 i	-1.085 i	0.033 i	-1.637 i	-3.993 i	2.29 i	-0.51 i	-3.067 i	-0.197 i	-13.937 i	-5.646 i	-2.984 i	-6.496 i	14.729 i	1.039 i	4.914 i	2.976 i	-1.336 i	-4.001 i	-8.842 i	-9.155 i	-7.12 i	-6.011 i	-5.307 i	-5.556 i	-6.734 i	-3.347 i	4.595 i	5.917 i
Q,GHG,TOTAL_HH,PCH_SM,IE	: 	: 	: 	: 	-4.794 i	-5.263 i	-1.644 i	-6.752 i	-2.927 i	4.793 i	1.566 i	5.12 i	4.074 i	-0.646 i	0.382 i	-2.71 i	-3.305 i	-0.224 i	2.114 i	0.896 i	4.674 i	3.515 i	5.573 i	2.909 i	5.631 i	7.059 i	3.8 i	11.143 i	2.288 i	1.912 i	5.875 i	1.316 i	4.246 i	3.788 i	0.464 i	-0.837 i	-8.208 i	0.203 i	-1.037 i	-1.44 i	-3.58 i	-32.096 i	-15.33 i	-16.808 i	-14.673 i	19.074 i	8.722 i	9.612 i	11.228 i	14.889 i	9.192 i	4.287 i	2.364 i	-2.139 i	-8.612 i	-8.034 i	-3.772 i	-2.809 i	2.068 i	4.991 i	3.492 i
Q,GHG,TOTAL_HH,PCH_SM,IT	: 	: 	: 	: 	0.146 i	-2.654 i	-2.895 i	-5.413 i	-2.236 i	-2.483 i	-3.18 i	-6.677 i	-7.439 i	-9.925 i	-7.791 i	-3.882 i	-8.596 i	-2.69 i	-3.894 i	-3.904 i	1.94 i	0.281 i	3.288 i	3.337 i	0.478 i	-1.454 i	-3.463 i	0.607 i	-0.694 i	0.315 i	-1.912 i	-0.536 i	1.241 i	-3.184 i	0.786 i	-3.733 i	-3.502 i	2.6 i	-1.659 i	-5.48 i	-9.342 i	-24.028 i	-5.957 i	-2.882 i	2.346 i	24.936 i	3.416 i	8.082 i	6.579 i	2.288 i	1.241 i	-7.081 i	-6.701 i	-5.702 i	-5.915 i	-5.164 i	-5.39 i	-3.717 i	0.525 i	3.805 i	2.286 i
Q,GHG,TOTAL_HH,PCH_SM,LT	: 	: 	: 	: 	-3.671 i	8.409 i	7.996 i	-1.382 i	1.208 i	-3.61 i	1.761 i	-1.991 i	-6.969 i	-3.772 i	-2.394 i	-7.267 i	-1.296 i	0.411 i	-0.437 i	4.504 i	1.16 i	10.037 i	-0.076 i	0.97 i	0.338 i	2.119 i	0.836 i	1.403 i	3.106 i	-0.639 i	4.336 i	7.461 i	7.574 i	6.482 i	2.89 i	-2.367 i	-0.207 i	0.22 i	1.724 i	6.237 i	4.714 i	4.665 i	11.758 i	3.294 i	-0.497 i	3.798 i	-0.711 i	-0.658 i	-2.5 i	-7.889 i	-9.335 i	-3.376 i	-4.477 i	1.434 i	-1.891 i	-2.047 i	6.32 i	2.963 i	7.102 i	10.66 i	2.093 i
Q,GHG,TOTAL_HH,PCH_SM,LU	: 	: 	: 	: 	-0.907 i	-5.868 i	-16.831 i	-9.501 i	-5.602 i	-1.94 i	7.822 i	-2.867 i	-0.543 i	-5.827 i	-5.633 i	4.172 i	-2.866 i	1.303 i	5.004 i	3.604 i	19.237 i	12.171 i	12.708 i	0.228 i	-7.836 i	1.444 i	-0.041 i	5.425 i	0.624 i	0.494 i	2.638 i	-2.812 i	-0.741 i	-5.788 i	-0.505 i	8.019 i	-5.966 i	9.268 i	15.468 i	1.953 i	2.75 i	-5.228 i	-14.655 i	-11.695 i	-1.202 i	2.122 i	0.459 i	0.744 i	-3.551 i	-9.026 i	-7.046 i	-7.521 i	-6.924 i	-1.785 i	-1.936 i	2.168 i	0.002 i	2.906 i	5.154 i	-3.029 i	-1.308 i
Q,GHG,TOTAL_HH,PCH_SM,LV	: 	: 	: 	: 	-9.58 i	-3.176 i	-7.216 i	-6.974 i	-4.028 i	-5.342 i	4.587 i	-4.327 i	-3.008 i	-1.226 i	-1.259 i	0.064 i	-8.234 i	12.183 i	-0.381 i	1.886 i	0.2 i	-2.57 i	6.219 i	2.467 i	2.11 i	1.336 i	-5.661 i	0.643 i	5.645 i	4.2 i	2.624 i	-2.854 i	3.97 i	0.342 i	5.435 i	5.903 i	-7.466 i	3.473 i	9.076 i	-4.538 i	-7.747 i	-11.225 i	-17.573 i	-9.172 i	5.336 i	0.189 i	4.158 i	3.364 i	-7.326 i	-4.349 i	-5.046 i	1.228 i	7.133 i	1.833 i	-0.158 i	-4.922 i	4.209 i	-2.285 i	1.668 i	-1.706 i	-1.254 i
Q,GHG,TOTAL_HH,PCH_SM,MT	: 	: 	: 	: 	-0.508 i	-1.353 i	2.938 i	1.092 i	7.335 i	6.01 i	6.843 i	0.982 i	-7.233 i	-8.59 i	-12.31 i	-5.388 i	-2.495 i	1.292 i	1.871 i	0.89 i	2.001 i	-25.409 i	-32.896 i	-32.316 i	-32.701 i	-12.979 i	0.329 i	-0.506 i	2.459 i	11.114 i	10.468 i	7.768 i	6.83 i	5.458 i	1.884 i	11.192 i	18.653 i	34.778 i	29.253 i	27.461 i	17.529 i	-24.063 i	-11.302 i	-17.234 i	-16.407 i	29.51 i	26.368 i	44.488 i	38.079 i	38.039 i	13.187 i	-7.169 i	-21.211 i	-9.887 i	9.901 i	22.428 i	39.052 i	17.08 i	3.204 i	1.796 i	-6.175 i
Q,GHG,TOTAL_HH,PCH_SM,NL	: 	: 	: 	: 	-5.112 i	-6.296 i	-4.227 i	-7.774 i	-2.044 i	-1.044 i	-1.554 i	-1.819 i	-0.249 i	1.588 i	-0.24 i	0.227 i	-7.766 i	-2.874 i	0.238 i	-0.707 i	6.85 i	3.586 i	3.862 i	0.118 i	-0.794 i	-0.696 i	-2.026 i	3.487 i	0.868 i	-0.449 i	-2.536 i	-4.14 i	-1.001 i	-3.881 i	-2.233 i	-4.164 i	0.258 i	-6.388 i	-5.416 i	2.846 i	-8.759 	-17.948 	-6.125 	-11.054 	-1.126 	12.699 	-2.106 	1.208 	-7.817 	-3.625 	-0.996 	-8.381 	-5.749 	-6.18 	-8.509 	-5.347 	-0.221 	-2.414 	0.788 	4.094 	4.325 
Q,GHG,TOTAL_HH,PCH_SM,PL	: 	: 	: 	: 	0.062 i	0.803 i	-0.203 i	-2.073 i	-0.676 i	-1.762 i	-2.247 i	-2.877 i	-1.695 i	-0.98 i	1.321 i	-2.649 i	-5.979 i	-1.819 i	-2.908 i	-0.598 i	0.115 i	0.385 i	1.895 i	0.607 i	2.393 i	2.117 i	2.265 i	7.117 i	8.245 i	6.21 i	4.897 i	-0.85 i	1.648 i	-2.813 i	1.164 i	0.308 i	-7.431 i	-0.546 i	-4.124 i	-6.579 i	-3.806 i	-9.683 i	-4.127 i	1.187 i	4.299 i	12.318 i	10.417 i	6.346 i	-0.017 i	-1.717 i	-7.425 i	-7.319 i	-7.902 i	-9.407 i	-6.883 i	-1.562 i	-2.336 i	-1.449 i	-0.51 i	1.672 i	6.051 i
Q,GHG,TOTAL_HH,PCH_SM,PT	: 	: 	: 	: 	2.775 i	-0.963 i	-4.361 i	-4.657 i	0.062 i	-3.48 i	0.642 i	-7.058 i	-4.982 i	-1.15 i	-7.915 i	2.753 i	-6.128 i	-0.585 i	3.835 i	2.12 i	10.693 i	7.072 i	4.676 i	2.477 i	-6.299 i	-6.305 i	-0.606 i	1.126 i	11.733 i	11.894 i	5.713 i	2.716 i	-3.821 i	-6.278 i	-2.701 i	-4.885 i	-5.453 i	-0.776 i	-7.431 i	-3.801 i	-3.132 i	-26.006 i	-10.119 i	-10.887 i	-14.439 i	14.237 i	-4.432 i	2.855 i	9.678 i	4.901 i	5.35 i	-4.371 i	-2.287 i	-6.046 i	-7.396 i	-5.269 i	-8.172 i	-3.132 i	-2.418 i	1.847 i	1.748 i
Q,GHG,TOTAL_HH,PCH_SM,RO	: 	: 	: 	: 	3.084 i	7.765 i	6.484 i	6.536 i	2.218 i	-4.652 i	-0.293 i	-5.493 i	-11.726 i	-11.366 i	-7.945 i	-3.687 i	3.371 i	2.276 i	-1.001 i	-2.568 i	-4.679 i	-1.695 i	4.063 i	-1.358 i	-1.115 i	0.112 i	-2.97 i	-0.982 i	5.643 i	3.784 i	1.651 i	0.766 i	1.761 i	-3.801 i	-0.318 i	4.101 i	-3.859 i	0.645 i	-1.598 i	-4.88 i	-1.283 i	-12.169 i	-2.515 i	-0.049 i	0.745 i	16.276 i	1.551 i	-1.123 i	-4.261 i	-5.063 i	-4.713 i	-4.565 i	-2.948 i	-6.202 i	-1.255 i	1.043 i	1.572 i	2.837 i	-1.316 i	-0.064 i	0.62 i
Q,GHG,TOTAL_HH,PCH_SM,SE	: 	: 	: 	: 	-6.911 	-4.745 	-4.335 	-14.442 	-8.07 	-7.108 	-6.258 	-0.885 	-2.485 	-0.232 	0.226 	-6.499 	-7.801 	-2.57 	-0.076 	0.615 	3.396 	1.879 	-0.931 	-0.709 	1.025 	-1.392 	2.881 	4.109 	-4.637 	-0.747 	-1.249 	-3.579 	-0.505 	-1.705 	-2.196 	-1.808 	-2.309 	-2.549 	-0.27 	-5.164 	-5.467 	-12.945 	-13.157 	-9.801 	-5.939 	10.287 	6.302 	8.43 	3.582 	-8.827 	-4.489 	-3.423 	-7.26 	3.661 	-2.34 	-4.106 	9.758 	6.556 	10.374 	7.098 	-3.844 i
Q,GHG,TOTAL_HH,PCH_SM,SI	: 	: 	: 	: 	-0.579 i	1.25 i	-3.986 i	-7.093 i	-4.872 i	-4.466 i	-3.421 i	-5.712 i	-6.461 i	-9.287 i	3.622 i	3.305 i	-6.971 i	2.502 i	-13.557 i	-17.519 i	-1.59 i	0.826 i	9.526 i	6.569 i	0.819 i	-0.206 i	3.462 i	14.401 i	10.847 i	5.038 i	1.402 i	-6.023 i	0.991 i	-7.008 i	2.321 i	5.211 i	-5.668 i	8.236 i	-4.231 i	-3.159 i	-7.32 i	-15.143 i	0.18 i	0.536 i	3.674 i	6.342 i	-8.383 i	-4.515 i	0.507 i	1.83 i	-5.744 i	-18.667 i	-12.191 i	-8.503 i	-4.121 i	5.837 i	0.957 i	-2.233 i	1.086 i	8.809 i	1.656 i
Q,GHG,TOTAL_HH,PCH_SM,SK	: 	: 	: 	: 	0.396 i	1.088 i	-2.821 i	-7.475 i	-6.418 i	-8.113 i	-6.015 i	-0.879 i	-0.014 i	-0.818 i	-0.847 i	-1.383 i	-5.784 i	-2.755 i	-6.183 i	-4.342 i	2.036 i	3.526 i	3.601 i	-1.268 i	-2.438 i	0.194 i	2.053 i	4.537 i	3.977 i	1.792 i	3.336 i	1.86 i	2.59 i	-1.338 i	0.59 i	-3.362 i	-2.751 i	-2.025 i	-8.957 i	-8.105 i	-9.276 i	-17.962 i	-3.221 i	2.891 i	5.504 i	23.902 i	8.362 i	7.891 i	-1.81 i	-9.768 i	-13.425 i	-14.924 i	-2.85 i	-1.133 i	0.987 i	3.091 i	-6.003 i	-4.775 i	0.923 i	2.198 i	2.435 i
Q,GHG,TOTAL_HH,THS_T,AT	21594.374 i	19192.613 i	18790.327 i	22673.676 i	21928.006 i	18992.303 i	17876.878 i	20932.005 i	20896.494 i	17704.375 i	17083.14 i	20359.443 i	20300.926 i	17563.906 i	16901.853 i	19653.944 i	18680.925 i	16919.685 i	16382.578 i	19035.829 i	19407.024 i	16946.738 i	16544.282 i	19387.297 i	19205.555 i	16937.418 i	15940.954 i	20002.287 i	20741.834 i	17680.812 i	17102.099 i	19782.022 i	19823.941 i	16571.218 i	16100.385 i	19430.759 i	19381.384 i	18281.696 i	17818.471 i	20022.787 i	19669.794 i	14190.862 i	16198.762 i	18566.356 i	18426.907 i	17166.773 i	16877.564 i	19674.963 i	19393.113 i	17506.117 i	16615.477 i	18546.736 i	18417.898 i	17135.333 i	16089.666 i	17610.458 i	17206.054 i	16138.939 i	14761.337 i	17260.708 i	17921.813 i
Q,GHG,TOTAL_HH,THS_T,BE	38253.895 i	32329.959 i	28471.605 i	37095.736 i	35546.022 i	29761.099 i	27498.283 i	33253.878 i	34379.611 i	29473.928 i	26452.065 i	32541.643 i	34943.184 i	30091.3 i	25151.885 i	31964.102 i	31703.807 i	27828.415 i	25391.719 i	31734.122 i	33725.614 i	28716.305 i	26268.05 i	31438.27 i	32809.41 i	28362.66 i	25076.191 i	33419.693 i	33172.548 i	28659.321 i	25041.238 i	32382.332 i	33834.616 i	27798.903 i	25849.174 i	33131.396 i	32692.074 i	29080.214 i	25880.769 i	32430.412 i	31677.534 i	23896.86 i	24175.447 i	29571.357 i	30825.112 i	27654.548 i	22969.856 i	29241.948 i	29034.681 i	25297.765 i	23578.101 i	27830.925 i	28814.324 i	24928.778 i	21648.738 i	25751.241 i	26969.647 i	23598.976 i	20981.014 i	26884.564 i	28318.437 i
Q,GHG,TOTAL_HH,THS_T,BG	15000.924 i	13315.393 i	15333.002 i	17113.299 i	16218.823 i	15388.998 i	16024.197 i	18497.523 i	16597.746 i	13884.454 i	15001.613 i	15545.641 i	13479.339 i	11290.455 i	14063.927 i	16692.604 i	14705.819 i	13075.945 i	14550.632 i	16256.759 i	15014.719 i	13946.545 i	16176.752 i	16798.884 i	14261.778 i	12990.669 i	15001.274 i	17559.938 i	15728.339 i	14495.11 i	15358.095 i	15827.733 i	13956.888 i	12657.772 i	14397.451 i	15981.995 i	14487.37 i	12776.53 i	13932.532 i	14498.827 i	12926.615 i	10799.488 i	12442.284 i	13294.569 i	12581.244 i	12523.23 i	14673.286 i	16085.428 i	16158.891 i	14178.872 i	14674.937 i	15029.584 i	12789.926 i	10135.758 i	11431.184 i	11901.768 i	10643.127 i	9491.996 i	11412.449 i	12364.489 i	12493.62 i
Q,GHG,TOTAL_HH,THS_T,CY	2623.362 i	2349.638 i	2707.477 i	2420.275 i	2573.132 i	2308.67 i	2380.484 i	2317.985 i	2412.057 i	2075.422 i	2376.222 i	2058.379 i	2000.404 i	1925.597 i	2126.909 i	2059.229 i	2101.696 i	1988.959 i	2238.488 i	2066.802 i	2083.04 i	1926.562 i	2221.136 i	2052.585 i	2166.377 i	2051.934 i	2350.231 i	2180.972 i	2385.107 i	2079.331 i	2379.362 i	2178.595 i	2262.249 i	2196.615 i	2387.713 i	2190.77 i	2275.939 i	2081.798 i	2396.271 i	2128.241 i	2270.646 i	1717.689 i	2394.987 i	2185.363 i	2163.305 i	2011.319 i	2423.314 i	2123.943 i	2375.915 i	2004.252 i	2338.573 i	2083.931 i	2301.336 i	2045.361 i	2439.068 i	2157.671 i	2305.753 i	2121.569 i	2455.915 i	2245.447 i	2499.106 i
Q,GHG,TOTAL_HH,THS_T,CZ	35851.799 i	30679.453 i	30342.935 i	35536.744 i	34581.126 i	30575.139 i	29998.595 i	34472.244 i	34990.297 i	30460.262 i	27650.413 i	32426.34 i	33185.33 i	28589.204 i	27236.874 i	31843.055 i	32231.999 i	28458.603 i	26914.923 i	31425.789 i	32234.135 i	28307.308 i	27306.405 i	31600.971 i	32354.119 i	28391.064 i	27780.353 i	33310.656 i	33262.969 i	28130.098 i	26966.576 i	32041.894 i	33083.364 i	27154.161 i	28012.779 i	32457.122 i	31547.826 i	26807.473 i	26366.166 i	29809.298 i	29165.62 i	22563.808 i	23529.911 i	28607.687 i	29323.447 i	25127.027 i	24966.919 i	30591.776 i	29724.944 i	25513.213 i	25658.49 i	28734.355 i	27518.273 i	23282.215 i	22980.931 i	26828.44 i	25926.262 i	22297.986 i	22475.208 i	27547.987 i	28690.367 i
Q,GHG,TOTAL_HH,THS_T,DE	268479.093 i	234156.351 i	220730.513 i	272121.081 i	263909.857 i	224606.285 i	218688.137 i	259219.121 i	270468.078 i	229602.266 i	220021.7 i	262457.387 i	277862.117 i	234161.861 i	226161.807 i	259481.324 i	257446.864 i	220345.892 i	214309.23 i	253000.892 i	260504.639 i	219763.138 i	222016.875 i	251999.96 i	259295.082 i	222994.733 i	211464.631 i	253695.409 i	264255.005 i	220355.966 i	211938.23 i	240282.495 i	254941.713 i	207323.882 i	208675.978 i	239049.353 i	236788.28 i	199575.927 i	188881.408 i	223545.487 i	216154.746 i	158594.629 i	171186.095 i	214276.201 i	214336.679 i	185768.864 i	177268.456 i	219897.476 i	218665.162 i	187444.364 i	181522.997 i	206839.605 i	208125.687 i	168971.288 i	154311.057 i	188954.359 i	190099.253 i	159738.812 i	153003.886 i	191116.733 i	198798.023 i
Q,GHG,TOTAL_HH,THS_T,DK	27179.457 i	24496.564 i	24269.144 i	27417.379 i	27826.908 i	25185.267 i	23985.714 i	25359.641 i	25853.675 i	23176.246 i	21696.97 i	24340.114 i	25366.809 i	23197.09 i	21668.613 i	22894.831 i	22562.254 i	21048.498 i	21362.516 i	22539.074 i	23517.27 i	22679.929 i	21216.646 i	23630.362 i	25447.33 i	23323.58 i	23100.882 i	24626.139 i	24952.17 i	23591.447 i	22817.74 i	24232.583 i	25155.179 i	23613.659 i	22924.13 i	24598.303 i	24394.609 i	23420.824 i	22051.829 i	22913.399 i	21954.958 i	19075.336 i	19467.175 i	20839.91 i	22492.61 i	22548.618 i	22003.841 i	22346.397 i	20993.614 i	20870.687 i	20200.797 i	20541.4 i	20616.571 i	20194.295 i	19400.11 i	20248.565 i	20306.857 i	19947.254 i	18941.751 i	20785.459 i	19435.767 i
Q,GHG,TOTAL_HH,THS_T,EE	6110.614 i	5118.318 i	5256.324 i	6124.698 i	6094.999 i	5189.325 i	5381.877 i	5633.516 i	5390.181 i	4852.767 i	5049.072 i	5746.083 i	6119.452 i	5473.365 i	5748.933 i	5615.881 i	5337.942 i	5463.757 i	5527.374 i	5756.88 i	5149.419 i	4539.094 i	4654.59 i	4790.592 i	5021.98 i	4411.056 i	5559.089 i	5816.261 i	6039.967 i	5475.972 i	5114.394 i	5434.289 i	5787.006 i	5044.176 i	5350.68 i	5017.706 i	4951.839 i	3788.171 i	3585.368 i	3721.79 i	3106.619 i	2592.444 i	3313.764 i	3343.085 i	3265.245 i	2938.816 i	3307.756 i	4038.896 i	3676.809 i	3465.238 i	3766.044 i	4079.49 i	3370.598 i	2863.315 i	2763.383 i	3355.746 i	3362.101 i	2858.496 i	2759.992 i	2968.077 i	3262.911 i
Q,GHG,TOTAL_HH,THS_T,EL	33485.873 i	31059.493 i	33848.751 i	31232.845 i	33129.316 i	29297.608 i	31800.042 i	31934.964 i	33577.373 i	28191.64 i	30891.684 i	29684.97 i	27056.553 i	26100.057 i	28743.726 i	28343.654 i	27477.532 i	25582.348 i	27098.436 i	27019.033 i	26629.49 i	24309.101 i	26792.656 i	27295.479 i	25465.005 i	23522.968 i	25878.85 i	27820.687 i	27934.074 i	25026.224 i	27588.336 i	27804.223 i	26389.803 i	24955.285 i	27632.472 i	28118.37 i	27202.058 i	24533.972 i	25707.027 i	24200.486 i	24929.808 i	19919.827 i	22645.423 i	22650.791 i	22351.901 i	21703.014 i	23931.701 i	23014.683 i	23667.272 i	20440.448 i	22956.649 i	20558.403 i	20974.379 i	19494.592 i	20067.776 i	19886.454 i	20548.471 i	19276.544 i	20210.47 i	21277.92 i	21759.873 i
Q,GHG,TOTAL_HH,THS_T,ES	90832.048 	87863.74 	89258.337 	93998.182 	94364.676 	87736.735 	88953.953 	90999.798 	95641.09 	86739.282 	85397.922 	87322.996 	81998.327 	79148.68 	81242.191 	85776.548 	80405.306 	80447.755 	84114.785 	85728.353 	87350.018 	83333.8 	85037.651 	87346.547 	82228.344 	79188.267 	81061.947 	89268.238 	85653.464 	83627.811 	84224.753 	91776.148 	86989.759 	82841.818 	82499.233 	87167.947 	82380.612 	79940.387 	78781.883 	80246.21 	74629.505 	57996.983 	69353.562 	73255.437 	71075.341 	71957.429 	72736.01 	78931.27 	77941.963 	75914.852 	75194.665 	75303.257 	75186.729 	70295.216 	69732.317 	72514.801 	72531.049 	69993.468 	68441.642 	74233.841 	74173.547 
Q,GHG,TOTAL_HH,THS_T,EU27_2020	1175902.39 i	1029454.973 i	1000708.47 i	1187357.218 i	1165620.153 i	1003799.81 i	979639.544 i	1130471.079 i	1157112.922 i	990020.445 i	960792.764 i	1099878.248 i	1118829.637 i	965008.329 i	944670.27 i	1078583.788 i	1045669.549 i	934741.519 i	920702.125 i	1054792.715 i	1072551.51 i	941090.579 i	941650.759 i	1061383.213 i	1062460.096 i	941333.625 i	923933.222 i	1093355.492 i	1096460.516 i	958963.663 i	936531.579 i	1072870.715 i	1087410.726 i	923975.426 i	930034.569 i	1054938.545 i	1035496.888 i	915330.143 i	888491.494 i	998502.007 i	961089.101 i	734659.81 i	817853.343 i	947917.993 i	950910.429 i	861173.146 i	850666.65 i	992044.359 i	970133.566 i	861046.471 i	845559.073 i	928819.437 i	916126.997 i	799418.677 i	771540.509 i	877789.467 i	870804.388 i	775019.709 i	766393.712 i	896421.927 i	900270.414 i
Q,GHG,TOTAL_HH,THS_T,FI	22470.376 i	18654.903 i	17096.985 i	21595.35 i	21808.092 i	17315.838 i	15044.293 i	17370.502 i	18273.882 i	15489.06 i	14450.493 i	17583.319 i	18354.244 i	15746.872 i	14968.28 i	17264.496 i	16744.389 i	14638.612 i	14258.091 i	16301.133 i	15746.117 i	13955.389 i	13169.491 i	15760.223 i	16905.687 i	14545.331 i	13524.131 i	16895.812 i	16252.624 i	14217.376 i	13041.629 i	15319.881 i	16525.651 i	13835.169 i	13781.584 i	15848.562 i	15748.33 i	13496.116 i	13034.186 i	14683.023 i	13685.871 i	11546.348 i	11287.319 i	12691.602 i	13283.913 i	11427.986 i	11103.064 i	13338.29 i	12533.609 i	11800.749 i	11330.382 i	12755.279 i	12114.581 i	10391.159 i	9820.606 i	11148.5 i	11034.071 i	9972.794 i	9700.946 i	10461.517 i	10548.98 i
Q,GHG,TOTAL_HH,THS_T,FR	149122.711 i	127469.578 i	117926.145 i	147462.355 i	146721.53 i	120452.897 i	112382.942 i	137637.723 i	146506.785 i	122191.395 i	113642.756 i	136610.279 i	146122.002 i	122554.928 i	112556.527 i	134459.45 i	130976.832 i	114952.791 i	107269.772 i	128159.537 i	135861.442 i	113227.593 i	107495.498 i	127458.719 i	130491.862 i	114878.841 i	106766.722 i	132353.795 i	135003.599 i	115740.994 i	109113.075 i	132146.049 i	132904.168 i	110683.125 i	106150.054 i	125275.143 i	126545.554 i	112348.338 i	104312.359 i	120737.836 i	117892.15 i	85941.486 i	97518.747 i	114440.735 i	117533.279 i	105340.013 i	99353.755 i	117853.647 i	116871.952 i	103413.65 i	97841.244 i	109164.192 i	110980.816 i	97957.796 i	91348.661 i	103078.549 i	104868.798 i	94541.831 i	90280.839 i	103295.722 i	105279.931 i
Q,GHG,TOTAL_HH,THS_T,HR	7094.366 i	6651.003 i	7602.432 i	7442.02 i	7129.675 i	6651.846 i	7204.548 i	7464.509 i	7057.318 i	6084.969 i	6771.403 i	6729.262 i	6317.699 i	5778.91 i	6516.279 i	6779.893 i	6137.593 i	5918.318 i	6119.659 i	6479.848 i	6214.633 i	5841.417 i	6388.896 i	6712.277 i	6140.54 i	5976.456 i	6366.691 i	6855.916 i	6529.888 i	6129.429 i	6653.206 i	6891.753 i	6304.008 i	5590.112 i	6505.845 i	6544.792 i	6330.917 i	5833.298 i	6486.409 i	6443.223 i	6181.206 i	5321.352 i	6207.201 i	6376.852 i	6146.25 i	5697.998 i	6421.908 i	6392.213 i	6264.531 i	5965.765 i	6478.065 i	6139.507 i	5937.541 i	5664.596 i	6031.3 i	5775.09 i	5434.016 i	5246.689 i	6016.48 i	6132.852 i	5583.34 i
Q,GHG,TOTAL_HH,THS_T,HU	19107.725 i	16226.273 i	15982.485 i	20202.355 i	19454.465 i	15707.627 i	15563.705 i	19797.536 i	18422.875 i	14462.471 i	15029.731 i	17688.825 i	17039.383 i	14211.506 i	14434.193 i	17481.72 i	16336.926 i	14635.684 i	15158.553 i	18056.845 i	17738.669 i	15275.305 i	15857.147 i	18844.313 i	17545.153 i	15247.66 i	15910.209 i	19175.193 i	18598.123 i	15646.995 i	16411.494 i	19751.568 i	19187.011 i	15477.197 i	16416.859 i	19428.143 i	18420.935 i	15831.685 i	16333.184 i	18832.286 i	18384.717 i	13625.163 i	15411.038 i	18270.343 i	17190.476 i	15632.03 i	15571.236 i	19168.164 i	17702.096 i	15423.139 i	14948.205 i	17473.352 i	16081.461 i	14325.049 i	14049.635 i	16546.019 i	15188.053 i	13360.448 i	13579.413 i	17306.329 i	16086.745 i
Q,GHG,TOTAL_HH,THS_T,IE	19018.699 i	17386.207 i	15966.689 i	18043.672 i	18106.866 i	16471.199 i	15704.128 i	16825.352 i	17576.818 i	17260.7 i	15950.027 i	17686.75 i	18292.966 i	17149.199 i	16010.924 i	17207.362 i	17688.322 i	17110.839 i	16349.372 i	17361.607 i	18515.029 i	17712.298 i	17260.529 i	17866.61 i	19557.69 i	18962.665 i	17916.505 i	19857.574 i	20005.21 i	19325.208 i	18969.152 i	20118.986 i	20854.586 i	20057.205 i	19057.146 i	19950.639 i	19142.847 i	20097.866 i	18859.616 i	19663.268 i	18457.587 i	13647.274 i	15968.507 i	16358.357 i	15749.307 i	16250.416 i	17361.223 i	17930.655 i	17517.696 i	18670.018 i	18957.01 i	18699.377 i	17931.73 i	18270.75 i	17324.418 i	17197.099 i	17255.394 i	17757.52 i	17682.705 i	18055.33 i	17858.038 i
Q,GHG,TOTAL_HH,THS_T,IT	146611.543 i	124854.761 i	122392.769 i	144848.493 i	146825.851 i	121540.591 i	118849.743 i	137008.546 i	143542.756 i	118522.187 i	115070.296 i	127860.497 i	132864.545 i	106758.549 i	106104.727 i	122896.453 i	121443.943 i	103886.267 i	101973.307 i	118099.136 i	123799.738 i	104178.307 i	105326.389 i	122040.687 i	124391.767 i	102663.11 i	101679.147 i	122781.178 i	123527.917 i	102986.782 i	99734.686 i	122122.771 i	125061.441 i	99707.634 i	100518.537 i	117564.495 i	120681.263 i	102299.847 i	98850.963 i	111121.866 i	109407.142 i	77718.777 i	92962.18 i	107918.964 i	111973.706 i	97098.631 i	96137.418 i	116641.198 i	119340.909 i	99320.523 i	97330.098 i	108382.131 i	111343.459 i	93657.548 i	91573.427 i	102785.152 i	105342.124 i	90176.692 i	92054.219 i	106696.584 i	107749.979 i
Q,GHG,TOTAL_HH,THS_T,LT	5903.561 i	5227.089 i	5674.704 i	6161.869 i	5686.837 i	5666.637 i	6128.453 i	6076.686 i	5755.523 i	5462.048 i	6236.348 i	5955.71 i	5354.423 i	5256 i	6087.071 i	5522.932 i	5285.037 i	5277.581 i	6060.461 i	5771.709 i	5346.328 i	5807.301 i	6055.86 i	5827.719 i	5364.378 i	5930.336 i	6106.514 i	5909.462 i	5531.017 i	5892.433 i	6371.301 i	6350.363 i	5949.923 i	6274.393 i	6555.436 i	6200.031 i	5937.628 i	6288.172 i	6668.465 i	6586.728 i	6217.529 i	6581.519 i	7452.574 i	6803.72 i	6186.648 i	6831.481 i	7399.562 i	6758.921 i	6031.994 i	6292.534 i	6708.815 i	6530.715 i	5761.936 i	6382.758 i	6581.935 i	6397.047 i	6126.096 i	6571.905 i	7049.358 i	7078.998 i	6254.324 i
Q,GHG,TOTAL_HH,THS_T,LU	2742.829 i	2464.023 i	2265.17 i	2710.157 i	2717.964 i	2319.445 i	1883.923 i	2452.661 i	2565.694 i	2274.456 i	2031.284 i	2382.343 i	2551.765 i	2141.914 i	1916.853 i	2481.736 i	2478.64 i	2169.821 i	2012.776 i	2571.173 i	2955.46 i	2433.901 i	2268.566 i	2577.029 i	2723.885 i	2469.043 i	2267.626 i	2716.841 i	2740.877 i	2481.234 i	2327.435 i	2640.436 i	2720.563 i	2337.623 i	2315.691 i	2852.17 i	2558.259 i	2554.283 i	2673.874 i	2907.864 i	2628.6 i	2420.744 i	2282.015 i	2567.778 i	2597.014 i	2472.116 i	2292.478 i	2586.888 i	2504.803 i	2248.988 i	2130.943 i	2392.335 i	2331.37 i	2208.841 i	2089.678 i	2444.192 i	2331.413 i	2273.02 i	2197.379 i	2370.149 i	2300.921 i
Q,GHG,TOTAL_HH,THS_T,LV	3795.392 i	2972.093 i	3247.482 i	3597.523 i	3431.786 i	2877.696 i	3013.145 i	3346.638 i	3293.568 i	2723.976 i	3151.368 i	3201.843 i	3194.511 i	2690.574 i	3111.695 i	3203.885 i	2931.473 i	3018.363 i	3099.826 i	3264.319 i	2937.33 i	2940.788 i	3292.609 i	3344.834 i	2999.321 i	2980.077 i	3106.208 i	3366.345 i	3168.636 i	3105.245 i	3187.718 i	3270.269 i	3294.434 i	3115.877 i	3360.982 i	3463.298 i	3048.473 i	3224.095 i	3666.031 i	3306.142 i	2812.308 i	2862.2 i	3021.815 i	3002.904 i	2962.361 i	2867.6 i	3147.476 i	3103.936 i	2745.334 i	2742.901 i	2988.666 i	3142.063 i	2941.173 i	2793.177 i	2983.943 i	2987.4 i	3064.958 i	2729.35 i	3033.72 i	2936.429 i	3026.532 i
Q,GHG,TOTAL_HH,THS_T,MT	783.297 i	771.067 i	875.061 i	770.441 i	779.319 i	760.632 i	900.768 i	778.852 i	836.48 i	806.346 i	962.412 i	786.504 i	775.979 i	737.08 i	843.934 i	744.128 i	756.62 i	746.607 i	859.728 i	750.754 i	771.76 i	556.902 i	576.915 i	508.141 i	519.39 i	484.624 i	578.815 i	505.568 i	532.164 i	538.485 i	639.403 i	544.842 i	568.509 i	567.875 i	651.451 i	605.824 i	674.55 i	765.371 i	842.019 i	772.189 i	792.789 i	581.2 i	746.857 i	639.113 i	662.718 i	752.715 i	943.791 i	923.445 i	915.072 i	1039.039 i	1068.252 i	857.245 i	720.978 i	936.313 i	1174.022 i	1049.504 i	1002.532 i	1096.239 i	1211.642 i	1068.352 i	940.628 i
Q,GHG,TOTAL_HH,THS_T,NL	63928.388 i	54588.836 i	50162.813 i	62467.758 i	60660.438 i	51151.922 i	48042.615 i	57611.753 i	59420.724 i	50617.761 i	47295.955 i	56563.852 i	59272.49 i	51421.706 i	47182.613 i	56692.417 i	54669.623 i	49943.754 i	47295.052 i	56291.662 i	58414.663 i	51734.729 i	49121.529 i	56358.037 i	57950.607 i	51374.897 i	48126.475 i	58323.007 i	58453.5 i	51144.1 i	46905.801 i	55908.441 i	57868.135 i	49159.359 i	45858.457 i	53580.407 i	58017.172 	46018.885 	43374.783 	55105.124 	52935.314 	37759.485 	40717.884 	49013.598 	52339.304 	42554.427 	39860.563 	49605.795 	48247.727 	41012.033 	39463.583 	45448.21 	45473.806 	38477.334 	36105.721 	43017.964 	45373.179 	37548.311 	36390.09 	44779.052 	47335.752 
Q,GHG,TOTAL_HH,THS_T,PL	112242.545 i	94624.443 i	92998.31 i	115828.602 i	112312.128 i	95384.538 i	92809.141 i	113427.676 i	111552.753 i	93704.205 i	90723.744 i	110163.908 i	109662.029 i	92785.733 i	91922.335 i	107245.683 i	103105.751 i	91097.953 i	89249.577 i	106604.269 i	103224.519 i	91449.012 i	90940.665 i	107250.876 i	105694.661 i	93384.547 i	93000.527 i	114883.396 i	114408.681 i	99183.565 i	97554.596 i	113907.135 i	116294.704 i	96393.103 i	98689.849 i	114258.489 i	107653.14 i	95867.044 i	94620.114 i	106741.988 i	103555.999 i	86584.336 i	90714.938 i	108008.644 i	108007.636 i	97249.515 i	100164.803 i	114862.986 i	107989.083 i	95580.152 i	92727.289 i	106456.514 i	99455.257 i	86589.053 i	86344.443 i	104794.134 i	97132.306 i	85334.474 i	85903.863 i	106546.662 i	103009.38 i
Q,GHG,TOTAL_HH,THS_T,PT	17251.971 i	17189.843 i	18666.781 i	18493.734 i	17730.776 i	17024.288 i	17852.734 i	17632.409 i	17741.834 i	16431.759 i	17967.401 i	16387.924 i	16857.866 i	16242.816 i	16545.294 i	16839.059 i	15824.825 i	16147.779 i	17179.768 i	17196.063 i	17516.915 i	17289.766 i	17983.04 i	17622.067 i	16413.442 i	16199.575 i	17874.084 i	17820.513 i	18339.201 i	18126.327 i	18895.3 i	18304.551 i	17638.379 i	16988.317 i	18385.017 i	17410.292 i	16676.611 i	16856.419 i	17018.791 i	16748.582 i	16154.243 i	12472.736 i	15296.65 i	14925.124 i	13821.802 i	14248.48 i	14618.692 i	15351.288 i	15159.411 i	14946.789 i	15400.759 i	14680.303 i	14812.64 i	14043.086 i	14261.693 i	13906.747 i	13602.12 i	13603.262 i	13916.827 i	14163.652 i	13839.914 i
Q,GHG,TOTAL_HH,THS_T,RO	30655.146 i	28564.714 i	30379.043 i	36079.217 i	31600.423 i	30782.863 i	32348.775 i	38437.259 i	32301.253 i	29350.699 i	32253.979 i	36325.749 i	28513.644 i	26014.702 i	29691.251 i	34986.377 i	29474.783 i	26606.728 i	29393.905 i	34087.947 i	28095.549 i	26155.745 i	30588.148 i	33624.92 i	27782.262 i	26184.91 i	29679.699 i	33294.858 i	29350.041 i	27175.661 i	30169.597 i	33549.801 i	29866.756 i	26142.805 i	30073.529 i	34925.685 i	28714.085 i	26311.462 i	29593.049 i	33221.44 i	28345.791 i	23109.722 i	28848.82 i	33205.274 i	28556.881 i	26870.981 i	29296.367 i	32832.266 i	27339.939 i	25510.506 i	27915.644 i	31333.498 i	26534.001 i	23928.321 i	27565.286 i	31660.373 i	26951.181 i	24607.103 i	27202.521 i	31640.224 i	27118.344 i
Q,GHG,TOTAL_HH,THS_T,SE	18788.817 	16204.06 	15145.194 	18261.445 	17490.306 	15435.157 	14488.657 	15624.195 	16078.828 	14338.021 	13581.89 	15485.873 	15679.29 	14304.788 	13612.544 	14479.49 	14456.176 	13937.108 	13602.164 	14568.508 	14947.127 	14198.932 	13475.475 	14465.182 	15100.398 	14001.265 	13863.664 	15059.62 	14400.197 	13896.691 	13690.459 	14520.669 	14327.467 	13659.725 	13389.816 	14258.142 	13996.592 	13311.485 	13353.63 	13521.881 	13231.418 	11588.334 	11596.679 	12196.658 	12445.591 	12780.481 	12327.49 	13224.775 	12891.342 	11652.382 	11774.152 	12772.148 	11955.443 	12079.009 	11498.648 	12247.714 	13122.026 	12870.858 	12691.46 	13117.043 	12617.619 i
Q,GHG,TOTAL_HH,THS_T,SI	5127.988 i	4303.854 i	4468.366 i	5160.174 i	5098.277 i	4357.666 i	4290.253 i	4794.177 i	4849.901 i	4163.031 i	4143.496 i	4520.338 i	4536.538 i	3776.398 i	4293.592 i	4669.741 i	4220.313 i	3870.899 i	3711.509 i	3851.655 i	4153.23 i	3902.857 i	4065.065 i	4104.683 i	4187.228 i	3894.837 i	4205.807 i	4695.785 i	4641.438 i	4091.05 i	4264.773 i	4412.959 i	4687.439 i	3804.369 i	4363.757 i	4642.932 i	4421.76 i	4117.715 i	4179.114 i	4496.247 i	4098.066 i	3494.185 i	4186.622 i	4520.33 i	4248.634 i	3715.802 i	3835.677 i	4316.241 i	4270.176 i	3783.802 i	3615.348 i	3510.523 i	3749.582 i	3462.075 i	3466.363 i	3715.416 i	3785.459 i	3384.759 i	3504.017 i	4042.712 i	3848.165 i
Q,GHG,TOTAL_HH,THS_T,SK	11845.596 i	10740.702 i	10849.625 i	12498.139 i	11892.555 i	10857.539 i	10543.563 i	11563.928 i	11129.326 i	9976.72 i	9909.379 i	11462.277 i	11127.821 i	9895.139 i	9825.438 i	11303.793 i	10484.16 i	9622.561 i	9217.922 i	10813.018 i	10697.632 i	9961.815 i	9549.893 i	10675.949 i	10436.844 i	9981.103 i	9745.995 i	11160.349 i	10851.929 i	10159.997 i	10071.131 i	11367.925 i	11133.034 i	10024.05 i	10130.564 i	10985.781 i	10826.779 i	9821.071 i	9223.183 i	10095.384 i	9822.524 i	8057.023 i	8926.086 i	10387.242 i	10363.117 i	9982.836 i	9672.445 i	11206.869 i	10175.528 i	9007.694 i	8373.886 i	9534.36 i	9885.503 i	8905.662 i	8456.502 i	9829.063 i	9292.087 i	8480.414 i	8534.571 i	10045.096 i	9518.358 i
Q,GHG,TOTAL_HH,T_HAB,AT	2.585 i	2.297 i	2.247 i	2.708 i	2.617 i	2.266 i	2.13 i	2.491 i	2.484 i	2.103 i	2.026 i	2.411 i	2.4 i	2.074 i	1.992 i	2.312 i	2.194 i	1.983 i	1.916 i	2.22 i	2.259 i	1.968 i	1.915 i	2.234 i	2.204 i	1.94 i	1.822 i	2.282 i	2.363 i	2.012 i	1.943 i	2.244 i	2.246 i	1.877 i	1.821 i	2.194 i	2.187 i	2.061 i	2.006 i	2.251 i	2.209 i	1.593 i	1.816 i	2.079 i	2.062 i	1.92 i	1.884 i	2.193 i	2.155 i	1.936 i	1.831 i	2.039 i	2.021 i	1.879 i	1.761 i	1.924 i	1.878 i	1.76 i	1.607 i	1.877 i	1.948 i
Q,GHG,TOTAL_HH,T_HAB,BE	3.524 i	2.972 i	2.61 i	3.391 i	3.23 i	2.7 i	2.488 i	3.004 i	3.101 i	2.657 i	2.381 i	2.923 i	3.135 i	2.699 i	2.253 i	2.859 i	2.834 i	2.485 i	2.264 i	2.824 i	2.998 i	2.55 i	2.329 i	2.781 i	2.9 i	2.505 i	2.212 i	2.944 i	2.921 i	2.521 i	2.201 i	2.841 i	2.966 i	2.435 i	2.261 i	2.893 i	2.852 i	2.533 i	2.252 i	2.816 i	2.748 i	2.073 i	2.095 i	2.559 i	2.666 i	2.389 i	1.982 i	2.518 i	2.497 i	2.168 i	2.016 i	2.373 i	2.453 i	2.118 i	1.836 i	2.18 i	2.281 i	1.993 i	1.77 i	2.263 i	2.382 i
Q,GHG,TOTAL_HH,T_HAB,BG	1.985 i	1.766 i	2.037 i	2.278 i	2.188 i	2.098 i	2.187 i	2.528 i	2.27 i	1.907 i	2.069 i	2.154 i	1.874 i	1.575 i	1.967 i	2.342 i	2.069 i	1.846 i	2.06 i	2.309 i	2.139 i	1.994 i	2.32 i	2.417 i	2.059 i	1.881 i	2.179 i	2.56 i	2.3 i	2.127 i	2.261 i	2.338 i	2.069 i	1.883 i	2.149 i	2.394 i	2.178 i	1.927 i	2.109 i	2.203 i	1.969 i	1.647 i	1.901 i	2.034 i	1.928 i	1.923 i	2.257 i	2.479 i	2.494 i	2.191 i	2.272 i	2.33 i	1.984 i	1.571 i	1.773 i	1.848 i	1.653 i	1.473 i	1.768 i	1.92 i	1.943 i
Q,GHG,TOTAL_HH,T_HAB,CY	3.195 i	2.847 i	3.257 i	2.891 i	3.057 i	2.728 i	2.791 i	2.697 i	2.799 i	2.408 i	2.756 i	2.386 i	2.32 i	2.235 i	2.47 i	2.393 i	2.444 i	2.313 i	2.602 i	2.401 i	2.419 i	2.237 i	2.576 i	2.378 i	2.506 i	2.371 i	2.71 i	2.51 i	2.74 i	2.384 i	2.72 i	2.483 i	2.571 i	2.489 i	2.697 i	2.465 i	2.553 i	2.329 i	2.67 i	2.363 i	2.512 i	1.895 i	2.634 i	2.394 i	2.362 i	2.188 i	2.625 i	2.29 i	2.551 i	2.142 i	2.486 i	2.202 i	2.419 i	2.141 i	2.541 i	2.238 i	2.382 i	2.184 i	2.519 i	2.296 i	2.547 i
Q,GHG,TOTAL_HH,T_HAB,CZ	3.412 i	2.918 i	2.884 i	3.374 i	3.297 i	2.914 i	2.857 i	3.281 i	3.331 i	2.899 i	2.632 i	3.086 i	3.159 i	2.722 i	2.593 i	3.032 i	3.069 i	2.71 i	2.562 i	2.991 i	3.068 i	2.694 i	2.599 i	3.007 i	3.078 i	2.701 i	2.642 i	3.167 i	3.163 i	2.674 i	2.563 i	3.044 i	3.142 i	2.578 i	2.659 i	3.079 i	2.992 i	2.542 i	2.498 i	2.823 i	2.762 i	2.153 i	2.245 i	2.727 i	2.795 i	2.395 i	2.377 i	2.909 i	2.818 i	2.367 i	2.367 i	2.643 i	2.533 i	2.143 i	2.11 i	2.462 i	2.379 i	2.05 i	2.063 i	2.526 i	2.63 i
Q,GHG,TOTAL_HH,T_HAB,DE	3.344 i	2.917 i	2.75 i	3.389 i	3.289 i	2.799 i	2.724 i	3.226 i	3.367 i	2.857 i	2.735 i	3.259 i	3.45 i	2.906 i	2.804 i	3.212 i	3.185 i	2.724 i	2.645 i	3.116 i	3.201 i	2.696 i	2.716 i	3.069 i	3.154 i	2.71 i	2.567 i	3.075 i	3.202 i	2.667 i	2.563 i	2.903 i	3.079 i	2.502 i	2.516 i	2.879 i	2.852 i	2.403 i	2.273 i	2.688 i	2.599 i	1.908 i	2.059 i	2.576 i	2.578 i	2.234 i	2.131 i	2.64 i	2.629 i	2.237 i	2.16 i	2.456 i	2.466 i	2.001 i	1.825 i	2.231 i	2.245 i	1.886 i	1.806 i	2.255 i	2.347 i
Q,GHG,TOTAL_HH,T_HAB,DK	4.908 i	4.42 i	4.372 i	4.932 i	5.003 i	4.525 i	4.304 i	4.545 i	4.631 i	4.149 i	3.879 i	4.346 i	4.526 i	4.137 i	3.858 i	4.07 i	4.007 i	3.734 i	3.782 i	3.984 i	4.151 i	3.998 i	3.727 i	4.146 i	4.454 i	4.078 i	4.025 i	4.288 i	4.338 i	4.097 i	3.955 i	4.193 i	4.349 i	4.08 i	3.954 i	4.237 i	4.2 i	4.029 i	3.788 i	3.934 i	3.77 i	3.275 i	3.338 i	3.569 i	3.85 i	3.857 i	3.756 i	3.807 i	3.571 i	3.543 i	3.413 i	3.46 i	3.472 i	3.397 i	3.262 i	3.396 i	3.404 i	3.34 i	3.169 i	3.468 i	3.243 i
Q,GHG,TOTAL_HH,T_HAB,EE	4.583 i	3.839 i	3.942 i	4.594 i	4.584 i	3.903 i	4.047 i	4.237 i	4.067 i	3.662 i	3.81 i	4.336 i	4.635 i	4.146 i	4.355 i	4.254 i	4.057 i	4.152 i	4.201 i	4.375 i	3.921 i	3.456 i	3.544 i	3.648 i	3.816 i	3.352 i	4.225 i	4.42 i	4.591 i	4.162 i	3.887 i	4.131 i	4.387 i	3.824 i	4.056 i	3.804 i	3.738 i	2.859 i	2.706 i	2.809 i	2.338 i	1.951 i	2.494 i	2.516 i	2.455 i	2.21 i	2.487 i	3.037 i	2.761 i	2.602 i	2.828 i	3.063 i	2.468 i	2.096 i	2.023 i	2.457 i	2.446 i	2.079 i	2.008 i	2.159 i	2.382 i
Q,GHG,TOTAL_HH,T_HAB,EL	3.011 i	2.793 i	3.043 i	2.808 i	2.98 i	2.637 i	2.865 i	2.879 i	3.032 i	2.55 i	2.8 i	2.695 i	2.461 i	2.378 i	2.624 i	2.592 i	2.517 i	2.347 i	2.49 i	2.486 i	2.455 i	2.245 i	2.478 i	2.529 i	2.362 i	2.183 i	2.402 i	2.583 i	2.595 i	2.326 i	2.566 i	2.588 i	2.457 i	2.325 i	2.575 i	2.621 i	2.537 i	2.288 i	2.398 i	2.258 i	2.327 i	1.861 i	2.118 i	2.12 i	2.095 i	2.038 i	2.251 i	2.169 i	2.234 i	1.931 i	2.171 i	1.947 i	1.987 i	1.848 i	1.903 i	1.886 i	1.95 i	1.83 i	1.919 i	2.022 i	2.068 i
Q,GHG,TOTAL_HH,T_HAB,ES	1.954 	1.888 	1.916 	2.015 	2.022 	1.878 	1.903 	1.944 	2.044 	1.855 	1.827 	1.869 	1.757 	1.699 	1.746 	1.844 	1.731 	1.732 	1.812 	1.848 	1.883 	1.797 	1.834 	1.882 	1.772 	1.707 	1.746 	1.921 	1.843 	1.799 	1.811 	1.971 	1.866 	1.775 	1.765 	1.861 	1.755 	1.7 	1.672 	1.698 	1.577 	1.225 	1.465 	1.547 	1.501 	1.521 	1.537 	1.665 	1.64 	1.592 	1.571 	1.568 	1.56 	1.455 	1.439 	1.493 	1.49 	1.436 	1.4 	1.514 	1.51 
Q,GHG,TOTAL_HH,T_HAB,EU27_2020	2.673 i	2.339 i	2.273 i	2.695 i	2.646 i	2.278 i	2.222 i	2.562 i	2.623 i	2.243 i	2.176 i	2.49 i	2.533 i	2.185 i	2.138 i	2.44 i	2.366 i	2.114 i	2.081 i	2.383 i	2.422 i	2.125 i	2.124 i	2.392 i	2.394 i	2.12 i	2.08 i	2.46 i	2.466 i	2.156 i	2.105 i	2.41 i	2.442 i	2.074 i	2.087 i	2.365 i	2.321 i	2.051 i	1.99 i	2.234 i	2.154 i	1.647 i	1.833 i	2.125 i	2.132 i	1.932 i	1.907 i	2.224 i	2.169 i	1.919 i	1.882 i	2.064 i	2.034 i	1.774 i	1.71 i	1.943 i	1.927 i	1.715 i	1.694 i	1.98 i	1.988 i
Q,GHG,TOTAL_HH,T_HAB,FI	4.197 i	3.481 i	3.185 i	4.019 i	4.055 i	3.216 i	2.79 i	3.217 i	3.381 i	2.863 i	2.668 i	3.241 i	3.381 i	2.898 i	2.75 i	3.168 i	3.07 i	2.682 i	2.609 i	2.979 i	2.877 i	2.548 i	2.402 i	2.872 i	3.08 i	2.648 i	2.46 i	3.071 i	2.954 i	2.582 i	2.367 i	2.779 i	2.997 i	2.509 i	2.498 i	2.872 i	2.854 i	2.445 i	2.36 i	2.657 i	2.476 i	2.088 i	2.04 i	2.293 i	2.4 i	2.064 i	2.003 i	2.404 i	2.258 i	2.125 i	2.038 i	2.293 i	2.178 i	1.866 i	1.759 i	1.992 i	1.968 i	1.776 i	1.724 i	1.856 i	1.871 i
Q,GHG,TOTAL_HH,T_HAB,FR	2.307 i	1.97 i	1.82 i	2.273 i	2.259 i	1.853 i	1.727 i	2.112 i	2.245 i	1.871 i	1.738 i	2.086 i	2.229 i	1.867 i	1.713 i	2.043 i	1.988 i	1.742 i	1.624 i	1.938 i	2.052 i	1.708 i	1.62 i	1.919 i	1.963 i	1.727 i	1.603 i	1.986 i	2.023 i	1.733 i	1.632 i	1.974 i	1.983 i	1.65 i	1.58 i	1.863 i	1.88 i	1.668 i	1.547 i	1.789 i	1.746 i	1.271 i	1.441 i	1.69 i	1.734 i	1.553 i	1.463 i	1.734 i	1.719 i	1.52 i	1.437 i	1.602 i	1.627 i	1.435 i	1.337 i	1.508 i	1.532 i	1.38 i	1.317 i	1.505 i	1.533 i
Q,GHG,TOTAL_HH,T_HAB,HR	1.65 i	1.548 i	1.77 i	1.734 i	1.663 i	1.553 i	1.683 i	1.744 i	1.651 i	1.425 i	1.587 i	1.578 i	1.484 i	1.358 i	1.532 i	1.595 i	1.447 i	1.396 i	1.446 i	1.532 i	1.472 i	1.387 i	1.52 i	1.599 i	1.468 i	1.431 i	1.527 i	1.648 i	1.577 i	1.483 i	1.612 i	1.673 i	1.538 i	1.366 i	1.591 i	1.603 i	1.583 i	1.462 i	1.629 i	1.621 i	1.559 i	1.345 i	1.573 i	1.62 i	1.563 i	1.451 i	1.638 i	1.634 i	1.601 i	1.521 i	1.652 i	1.567 i	1.512 i	1.436 i	1.527 i	1.463 i	1.381 i	1.333 i	1.527 i	1.555 i	1.414 i
Q,GHG,TOTAL_HH,T_HAB,HU	1.909 i	1.622 i	1.599 i	2.022 i	1.949 i	1.575 i	1.562 i	1.987 i	1.856 i	1.459 i	1.517 i	1.787 i	1.723 i	1.439 i	1.463 i	1.774 i	1.66 i	1.488 i	1.542 i	1.839 i	1.809 i	1.56 i	1.62 i	1.926 i	1.795 i	1.562 i	1.631 i	1.968 i	1.911 i	1.61 i	1.689 i	2.033 i	1.977 i	1.596 i	1.692 i	2.002 i	1.902 i	1.636 i	1.687 i	1.944 i	1.898 i	1.408 i	1.593 i	1.891 i	1.783 i	1.623 i	1.618 i	1.993 i	1.843 i	1.606 i	1.557 i	1.82 i	1.676 i	1.493 i	1.465 i	1.726 i	1.586 i	1.397 i	1.421 i	1.813 i	1.688 i
Q,GHG,TOTAL_HH,T_HAB,IE	4.179 i	3.816 i	3.5 i	3.949 i	3.961 i	3.599 i	3.428 i	3.669 i	3.83 i	3.757 i	3.467 i	3.84 i	3.968 i	3.716 i	3.463 i	3.715 i	3.814 i	3.683 i	3.51 i	3.719 i	3.958 i	3.778 i	3.671 i	3.789 i	4.138 i	4.001 i	3.762 i	4.153 i	4.168 i	4.017 i	3.931 i	4.149 i	4.295 i	4.106 i	3.889 i	4.054 i	3.875 i	4.053 i	3.791 i	3.936 i	3.682 i	2.713 i	3.167 i	3.237 i	3.108 i	3.202 i	3.402 i	3.5 i	3.399 i	3.601 i	3.632 i	3.568 i	3.402 i	3.459 i	3.268 i	3.227 i	3.229 i	3.3 i	3.278 i	3.331 i	3.283 i
Q,GHG,TOTAL_HH,T_HAB,IT	2.455 i	2.088 i	2.045 i	2.418 i	2.448 i	2.025 i	1.979 i	2.28 i	2.387 i	1.97 i	1.911 i	2.122 i	2.204 i	1.77 i	1.759 i	2.037 i	2.013 i	1.722 i	1.691 i	1.958 i	2.054 i	1.729 i	1.749 i	2.028 i	2.068 i	1.707 i	1.692 i	2.044 i	2.057 i	1.716 i	1.663 i	2.037 i	2.087 i	1.665 i	1.679 i	1.965 i	2.018 i	1.712 i	1.656 i	1.862 i	1.836 i	1.307 i	1.565 i	1.819 i	1.891 i	1.642 i	1.627 i	1.974 i	2.021 i	1.683 i	1.65 i	1.837 i	1.888 i	1.588 i	1.553 i	1.742 i	1.787 i	1.53 i	1.561 i	1.809 i	1.828 i
Q,GHG,TOTAL_HH,T_HAB,LT	1.906 i	1.688 i	1.832 i	1.989 i	1.878 i	1.871 i	2.024 i	2.007 i	1.925 i	1.827 i	2.086 i	1.992 i	1.808 i	1.775 i	2.056 i	1.865 i	1.799 i	1.797 i	2.063 i	1.965 i	1.837 i	1.995 i	2.08 i	2.002 i	1.864 i	2.061 i	2.122 i	2.054 i	1.946 i	2.073 i	2.241 i	2.234 i	2.111 i	2.226 i	2.325 i	2.199 i	2.112 i	2.237 i	2.372 i	2.343 i	2.212 i	2.342 i	2.652 i	2.421 i	2.203 i	2.433 i	2.635 i	2.407 i	2.13 i	2.222 i	2.369 i	2.306 i	2.007 i	2.223 i	2.292 i	2.228 i	2.121 i	2.276 i	2.441 i	2.451 i	2.164 i
Q,GHG,TOTAL_HH,T_HAB,LU	5.446 i	4.873 i	4.45 i	5.295 i	5.284 i	4.485 i	3.615 i	4.673 i	4.868 i	4.3 i	3.811 i	4.436 i	4.716 i	3.937 i	3.508 i	4.515 i	4.475 i	3.896 i	3.597 i	4.567 i	5.232 i	4.298 i	3.977 i	4.474 i	4.717 i	4.242 i	3.87 i	4.597 i	4.628 i	4.172 i	3.886 i	4.386 i	4.503 i	3.855 i	3.791 i	4.646 i	4.146 i	4.123 i	4.288 i	4.644 i	4.181 i	3.849 i	3.61 i	4.045 i	4.078 i	3.865 i	3.566 i	4.008 i	3.86 i	3.44 i	3.24 i	3.62 i	3.513 i	3.317 i	3.122 i	3.637 i	3.454 i	3.359 i	3.23 i	3.475 i	3.365 i
Q,GHG,TOTAL_HH,T_HAB,LV	1.795 i	1.413 i	1.553 i	1.729 i	1.657 i	1.395 i	1.467 i	1.634 i	1.613 i	1.338 i	1.552 i	1.58 i	1.581 i	1.335 i	1.548 i	1.598 i	1.466 i	1.512 i	1.556 i	1.642 i	1.481 i	1.486 i	1.667 i	1.697 i	1.525 i	1.519 i	1.587 i	1.724 i	1.627 i	1.599 i	1.644 i	1.689 i	1.705 i	1.617 i	1.747 i	1.802 i	1.589 i	1.684 i	1.918 i	1.732 i	1.476 i	1.504 i	1.591 i	1.584 i	1.567 i	1.52 i	1.671 i	1.652 i	1.466 i	1.457 i	1.577 i	1.66 i	1.558 i	1.483 i	1.588 i	1.594 i	1.641 i	1.466 i	1.632 i	1.583 i	1.636 i
Q,GHG,TOTAL_HH,T_HAB,MT	1.891 i	1.86 i	2.11 i	1.857 i	1.876 i	1.828 i	2.162 i	1.866 i	2 i	1.923 i	2.29 i	1.867 i	1.836 i	1.736 i	1.98 i	1.74 i	1.76 i	1.726 i	1.975 i	1.714 i	1.753 i	1.257 i	1.294 i	1.133 i	1.152 i	1.069 i	1.27 i	1.103 i	1.153 i	1.158 i	1.363 i	1.151 i	1.19 i	1.178 i	1.339 i	1.233 i	1.359 i	1.526 i	1.66 i	1.505 i	1.54 i	1.129 i	1.449 i	1.238 i	1.283 i	1.454 i	1.82 i	1.776 i	1.747 i	1.963 i	1.998 i	1.587 i	1.322 i	1.699 i	2.111 i	1.869 i	1.767 i	1.924 i	2.116 i	1.86 i	1.631 i
Q,GHG,TOTAL_HH,T_HAB,NL	3.855 i	3.288 i	3.017 i	3.752 i	3.64 i	3.067 i	2.876 i	3.445 i	3.55 i	3.023 i	2.822 i	3.371 i	3.531 i	3.062 i	2.807 i	3.369 i	3.247 i	2.963 i	2.803 i	3.332 i	3.454 i	3.057 i	2.899 i	3.32 i	3.41 i	3.02 i	2.824 i	3.416 i	3.42 i	2.989 i	2.736 i	3.255 i	3.366 i	2.856 i	2.659 i	3.101 i	3.354 	2.657 	2.498 	3.167 	3.039 	2.167 	2.334 	2.805 	2.992 	2.431 	2.272 	2.82 	2.74 	2.321 	2.225 	2.555 	2.551 	2.155 	2.018 	2.399 	2.527 	2.089 	2.021 	2.482 	2.622 
Q,GHG,TOTAL_HH,T_HAB,PL	2.952 i	2.488 i	2.444 i	3.043 i	2.951 i	2.507 i	2.439 i	2.98 i	2.931 i	2.462 i	2.383 i	2.894 i	2.882 i	2.439 i	2.417 i	2.82 i	2.712 i	2.397 i	2.348 i	2.805 i	2.717 i	2.408 i	2.394 i	2.824 i	2.784 i	2.46 i	2.45 i	3.026 i	3.014 i	2.613 i	2.569 i	2.999 i	3.063 i	2.54 i	2.6 i	3.009 i	2.836 i	2.526 i	2.493 i	2.812 i	2.785 i	2.329 i	2.441 i	2.91 i	2.915 i	2.629 i	2.71 i	3.111 i	2.854 i	2.529 i	2.455 i	2.821 i	2.639 i	2.3 i	2.295 i	2.788 i	2.587 i	2.275 i	2.292 i	2.845 i	2.753 i
Q,GHG,TOTAL_HH,T_HAB,PT	1.632 i	1.626 i	1.765 i	1.748 i	1.676 i	1.609 i	1.689 i	1.669 i	1.681 i	1.56 i	1.707 i	1.559 i	1.606 i	1.55 i	1.581 i	1.611 i	1.516 i	1.549 i	1.65 i	1.653 i	1.686 i	1.665 i	1.733 i	1.698 i	1.584 i	1.564 i	1.726 i	1.722 i	1.773 i	1.753 i	1.828 i	1.77 i	1.706 i	1.644 i	1.779 i	1.684 i	1.613 i	1.629 i	1.643 i	1.614 i	1.557 i	1.202 i	1.473 i	1.436 i	1.329 i	1.37 i	1.404 i	1.473 i	1.453 i	1.43 i	1.47 i	1.397 i	1.405 i	1.33 i	1.347 i	1.309 i	1.278 i	1.276 i	1.301 i	1.32 i	1.289 i
Q,GHG,TOTAL_HH,T_HAB,RO	1.511 i	1.409 i	1.5 i	1.788 i	1.564 i	1.526 i	1.606 i	1.915 i	1.607 i	1.462 i	1.608 i	1.816 i	1.424 i	1.3 i	1.485 i	1.754 i	1.477 i	1.335 i	1.476 i	1.716 i	1.414 i	1.318 i	1.543 i	1.703 i	1.406 i	1.327 i	1.506 i	1.697 i	1.494 i	1.385 i	1.54 i	1.719 i	1.529 i	1.34 i	1.544 i	1.799 i	1.478 i	1.356 i	1.526 i	1.717 i	1.465 i	1.196 i	1.495 i	1.729 i	1.485 i	1.401 i	1.531 i	1.727 i	1.436 i	1.339 i	1.465 i	1.643 i	1.393 i	1.255 i	1.446 i	1.659 i	1.413 i	1.291 i	1.427 i	1.659 i	1.422 i
Q,GHG,TOTAL_HH,T_HAB,SE	2.01 	1.73 	1.613 	1.941 	1.856 	1.636 	1.532 	1.649 	1.694 	1.509 	1.426 	1.622 	1.639 	1.492 	1.416 	1.503 	1.497 	1.44 	1.4 	1.496 	1.532 	1.452 	1.373 	1.47 	1.531 	1.415 	1.396 	1.51 	1.439 	1.384 	1.359 	1.437 	1.414 	1.345 	1.314 	1.395 	1.366 	1.296 	1.297 	1.31 	1.28 	1.12 	1.119 	1.175 	1.198 	1.228 	1.182 	1.266 	1.23 	1.108 	1.116 	1.209 	1.13 	1.14 	1.084 	1.154 	1.236 	1.212 	1.193 	1.231 	1.184 i
Q,GHG,TOTAL_HH,T_HAB,SI	2.504 i	2.101 i	2.181 i	2.518 i	2.486 i	2.124 i	2.089 i	2.333 i	2.359 i	2.025 i	2.014 i	2.196 i	2.204 i	1.834 i	2.084 i	2.266 i	2.048 i	1.878 i	1.8 i	1.867 i	2.014 i	1.892 i	1.97 i	1.988 i	2.029 i	1.887 i	2.037 i	2.273 i	2.247 i	1.981 i	2.064 i	2.136 i	2.268 i	1.839 i	2.105 i	2.234 i	2.123 i	1.973 i	1.998 i	2.146 i	1.955 i	1.665 i	1.988 i	2.142 i	2.015 i	1.763 i	1.82 i	2.048 i	2.027 i	1.795 i	1.714 i	1.661 i	1.771 i	1.634 i	1.634 i	1.75 i	1.782 i	1.593 i	1.648 i	1.899 i	1.806 i
Q,GHG,TOTAL_HH,T_HAB,SK	2.183 i	1.979 i	1.998 i	2.3 i	2.205 i	2.012 i	1.953 i	2.14 i	2.059 i	1.846 i	1.833 i	2.119 i	2.057 i	1.829 i	1.815 i	2.087 i	1.936 i	1.776 i	1.701 i	1.994 i	1.973 i	1.838 i	1.761 i	1.968 i	1.923 i	1.839 i	1.794 i	2.053 i	1.997 i	1.869 i	1.851 i	2.089 i	2.045 i	1.841 i	1.86 i	2.016 i	1.986 i	1.802 i	1.691 i	1.85 i	1.8 i	1.476 i	1.634 i	1.901 i	1.903 i	1.836 i	1.778 i	2.061 i	1.87 i	1.649 i	1.533 i	1.745 i	1.811 i	1.632 i	1.549 i	1.801 i	1.702 i	1.554 i	1.564 i	1.84 i	1.744 i
